date,code,open,high,low,close,preclose,volume,amount,turn,pctChg,tradestatus,isST
2017-01-03,sz.000032,14.9900,15.1500,14.7400,14.8800,14.9400,4118317,61403410.0000,1.473797,-0.401603,1,0
2017-01-04,sz.000032,14.8700,15.2200,14.7300,15.1600,14.8800,6691083,100593002.0000,2.394497,1.881719,1,0
2017-01-05,sz.000032,15.1300,16.6800,15.0000,16.6800,15.1600,14226635,228797422.0000,5.091198,10.026390,1,0
2017-01-06,sz.000032,17.3000,17.8400,16.7900,17.0000,16.6800,37297886,646494112.0000,13.347565,1.918463,1,0
2017-01-09,sz.000032,16.5200,16.9900,16.2600,16.8000,17.0000,16899787,280153456.0000,6.047823,-1.176475,1,0
2017-01-10,sz.000032,16.6400,17.1700,16.2900,16.2900,16.8000,15609397,260548278.0000,5.586039,-3.035704,1,0
2017-01-11,sz.000032,16.1100,16.5900,16.0000,16.3300,16.2900,11095063,180537219.0000,3.970522,0.245543,1,0
2017-01-12,sz.000032,16.1100,16.3500,15.9500,16.1900,16.3300,8212115,132578839.0000,2.938819,-0.857314,1,0
2017-01-13,sz.000032,16.0800,16.2000,15.4200,15.6000,16.1900,9410216,148159842.0000,3.367576,-3.644226,1,0
2017-01-16,sz.000032,15.4600,15.5900,14.0400,14.4700,15.6000,10189437,151515768.0000,3.646431,-7.243590,1,0
2017-01-17,sz.000032,14.4500,14.8200,14.2200,14.8200,14.4700,6121879,88869028.0000,2.190799,2.418793,1,0
2017-01-18,sz.000032,14.6800,14.9700,14.5000,14.6000,14.8200,4634960,68286808.0000,1.658685,-1.484476,1,0
2017-01-19,sz.000032,14.5500,14.7600,14.3600,14.7100,14.6000,3782437,55182270.0000,1.353597,0.753422,1,0
2017-01-20,sz.000032,14.6500,14.9200,14.5400,14.7700,14.7100,4384072,64841424.0000,1.568901,0.407889,1,0
2017-01-23,sz.000032,14.7300,14.9800,14.7300,14.8100,14.7700,3651346,54172509.0000,1.306685,0.270819,1,0
2017-01-24,sz.000032,14.7200,14.7800,14.4700,14.5700,14.8100,3858466,56252744.0000,1.380805,-1.620531,1,0
2017-01-25,sz.000032,14.5400,14.6400,14.3500,14.5500,14.5700,3074287,44620187.0000,1.100176,-0.137265,1,0
2017-01-26,sz.000032,14.5700,14.7800,14.5200,14.7100,14.5500,2743023,40220494.0000,0.981629,1.099655,1,0
2017-02-03,sz.000032,14.7200,15.0800,14.6300,14.8100,14.7100,5122220,76081263.0000,1.833057,0.679812,1,0
2017-02-06,sz.000032,14.8900,15.0900,14.7400,15.0000,14.8100,4542663,67878631.0000,1.625655,1.282914,1,0
2017-02-07,sz.000032,14.9800,15.1500,14.8400,15.0900,15.0000,4154741,62196812.0000,1.486832,0.600001,1,0
2017-02-08,sz.000032,15.0000,15.0900,14.7700,15.0900,15.0900,4281015,63997966.0000,1.532020,0.000000,1,0
2017-02-09,sz.000032,15.1500,15.6200,15.0100,15.5500,15.0900,8849106,135509908.0000,3.166775,3.048377,1,0
2017-02-10,sz.000032,15.4500,15.4900,15.2600,15.3100,15.5500,5234150,80365987.0000,1.873113,-1.543407,1,0
2017-02-13,sz.000032,15.3200,15.6100,15.1900,15.5200,15.3100,5321325,81999017.0000,1.904310,1.371653,1,0
2017-02-14,sz.000032,15.4500,15.5200,15.2700,15.3000,15.5200,3547800,54445564.0000,1.269629,-1.417527,1,0
2017-02-15,sz.000032,15.3500,16.2000,15.1000,16.0000,15.3000,13134648,205226395.0000,4.700416,4.575162,1,0
2017-02-16,sz.000032,15.7800,16.0000,15.6000,15.8400,16.0000,7193637,113483758.0000,2.574343,-0.999999,1,0
2017-02-17,sz.000032,15.8200,16.0400,15.4100,15.4600,15.8400,5754753,90004316.0000,2.059418,-2.398991,1,0
2017-02-20,sz.000032,15.4800,15.8000,15.3100,15.7500,15.4600,5182610,80948864.0000,1.854669,1.875808,1,0
2017-02-21,sz.000032,15.7600,15.8400,15.5500,15.7200,15.7500,5646968,88353660.0000,2.020846,-0.190474,1,0
2017-02-22,sz.000032,15.7100,15.9100,15.5700,15.6700,15.7200,4559898,71584355.0000,1.631823,-0.318067,1,0
2017-02-23,sz.000032,15.6000,15.6500,15.3200,15.4700,15.6700,5189496,80213208.0000,1.857133,-1.276323,1,0
2017-02-24,sz.000032,15.3800,15.7900,15.3600,15.7100,15.4700,5551486,86876007.0000,1.986676,1.551388,1,0
2017-02-27,sz.000032,15.7100,15.7100,15.7100,15.7100,15.7100,0,0.0000,,0.000000,0,0
2017-02-28,sz.000032,15.7100,15.7100,15.7100,15.7100,15.7100,0,0.0000,,0.000000,0,0
2017-03-01,sz.000032,15.7100,15.7100,15.7100,15.7100,15.7100,0,0.0000,,0.000000,0,0
2017-03-02,sz.000032,15.7100,15.7100,15.7100,15.7100,15.7100,0,0.0000,,0.000000,0,0
2017-03-03,sz.000032,15.7100,15.7100,15.7100,15.7100,15.7100,0,0.0000,,0.000000,0,0
2017-03-06,sz.000032,15.7100,15.7100,15.7100,15.7100,15.7100,0,0.0000,,0.000000,0,0
2017-03-07,sz.000032,15.7100,15.7100,15.7100,15.7100,15.7100,0,0.0000,,0.000000,0,0
2017-03-08,sz.000032,15.7100,15.7100,15.7100,15.7100,15.7100,0,0.0000,,0.000000,0,0
2017-03-09,sz.000032,15.7100,15.7100,15.7100,15.7100,15.7100,0,0.0000,,0.000000,0,0
2017-03-10,sz.000032,15.7100,15.7100,15.7100,15.7100,15.7100,0,0.0000,,0.000000,0,0
2017-03-13,sz.000032,15.7100,15.7100,15.7100,15.7100,15.7100,0,0.0000,,0.000000,0,0
2017-03-14,sz.000032,15.7100,15.7100,15.7100,15.7100,15.7100,0,0.0000,,0.000000,0,0
2017-03-15,sz.000032,15.7100,15.7100,15.7100,15.7100,15.7100,0,0.0000,,0.000000,0,0
2017-03-16,sz.000032,15.7100,15.7100,15.7100,15.7100,15.7100,0,0.0000,,0.000000,0,0
2017-03-17,sz.000032,15.7100,15.7100,15.7100,15.7100,15.7100,0,0.0000,,0.000000,0,0
2017-03-20,sz.000032,15.7100,15.7100,15.7100,15.7100,15.7100,0,0.0000,,0.000000,0,0
2017-03-21,sz.000032,15.7100,15.7100,15.7100,15.7100,15.7100,0,0.0000,,0.000000,0,0
2017-03-22,sz.000032,15.7100,15.7100,15.7100,15.7100,15.7100,0,0.0000,,0.000000,0,0
2017-03-23,sz.000032,15.7100,15.7100,15.7100,15.7100,15.7100,0,0.0000,,0.000000,0,0
2017-03-24,sz.000032,15.7100,15.7100,15.7100,15.7100,15.7100,0,0.0000,,0.000000,0,0
2017-03-27,sz.000032,15.7100,15.7100,15.7100,15.7100,15.7100,0,0.0000,,0.000000,0,0
2017-03-28,sz.000032,15.7100,15.7100,15.7100,15.7100,15.7100,0,0.0000,,0.000000,0,0
2017-03-29,sz.000032,15.7100,15.7100,15.7100,15.7100,15.7100,0,0.0000,,0.000000,0,0
2017-03-30,sz.000032,15.7100,15.7100,15.7100,15.7100,15.7100,0,0.0000,,0.000000,0,0
2017-03-31,sz.000032,15.7100,15.7100,15.7100,15.7100,15.7100,0,0.0000,,0.000000,0,0
2017-04-05,sz.000032,15.7100,15.7100,15.7100,15.7100,15.7100,0,0.0000,,0.000000,0,0
2017-04-06,sz.000032,15.7100,15.7100,15.7100,15.7100,15.7100,0,0.0000,,0.000000,0,0
2017-04-07,sz.000032,15.7100,15.7100,15.7100,15.7100,15.7100,0,0.0000,,0.000000,0,0
2017-04-10,sz.000032,15.7100,15.7100,15.7100,15.7100,15.7100,0,0.0000,,0.000000,0,0
2017-04-11,sz.000032,15.7100,15.7100,15.7100,15.7100,15.7100,0,0.0000,,0.000000,0,0
2017-04-12,sz.000032,15.7100,15.7100,15.7100,15.7100,15.7100,0,0.0000,,0.000000,0,0
2017-04-13,sz.000032,15.7100,15.7100,15.7100,15.7100,15.7100,0,0.0000,,0.000000,0,0
2017-04-14,sz.000032,15.7100,15.7100,15.7100,15.7100,15.7100,0,0.0000,,0.000000,0,0
2017-04-17,sz.000032,15.7100,15.7100,15.7100,15.7100,15.7100,0,0.0000,,0.000000,0,0
2017-04-18,sz.000032,15.7100,15.7100,15.7100,15.7100,15.7100,0,0.0000,,0.000000,0,0
2017-04-19,sz.000032,15.7100,15.7100,15.7100,15.7100,15.7100,0,0.0000,,0.000000,0,0
2017-04-20,sz.000032,15.7100,15.7100,15.7100,15.7100,15.7100,0,0.0000,,0.000000,0,0
2017-04-21,sz.000032,15.7100,15.7100,15.7100,15.7100,15.7100,0,0.0000,,0.000000,0,0
2017-04-24,sz.000032,15.7100,15.7100,15.7100,15.7100,15.7100,0,0.0000,,0.000000,0,0
2017-04-25,sz.000032,15.7100,15.7100,15.7100,15.7100,15.7100,0,0.0000,,0.000000,0,0
2017-04-26,sz.000032,15.7100,15.7100,15.7100,15.7100,15.7100,0,0.0000,,0.000000,0,0
2017-04-27,sz.000032,15.7100,15.7100,15.7100,15.7100,15.7100,0,0.0000,,0.000000,0,0
2017-04-28,sz.000032,15.7100,15.7100,15.7100,15.7100,15.7100,0,0.0000,,0.000000,0,0
2017-05-02,sz.000032,15.7100,15.7100,15.7100,15.7100,15.7100,0,0.0000,,0.000000,0,0
2017-05-03,sz.000032,15.7100,15.7100,15.7100,15.7100,15.7100,0,0.0000,,0.000000,0,0
2017-05-04,sz.000032,15.7100,15.7100,15.7100,15.7100,15.7100,0,0.0000,,0.000000,0,0
2017-05-05,sz.000032,15.7100,15.7100,15.7100,15.7100,15.7100,0,0.0000,,0.000000,0,0
2017-05-08,sz.000032,15.7100,15.7100,15.7100,15.7100,15.7100,0,0.0000,,0.000000,0,0
2017-05-09,sz.000032,15.7100,15.7100,15.7100,15.7100,15.7100,0,0.0000,,0.000000,0,0
2017-05-10,sz.000032,15.7100,15.7100,15.7100,15.7100,15.7100,0,0.0000,,0.000000,0,0
2017-05-11,sz.000032,15.7100,15.7100,15.7100,15.7100,15.7100,0,0.0000,,0.000000,0,0
2017-05-12,sz.000032,15.7100,15.7100,15.7100,15.7100,15.7100,0,0.0000,,0.000000,0,0
2017-05-15,sz.000032,15.7100,15.7100,15.7100,15.7100,15.7100,0,0.0000,,0.000000,0,0
2017-05-16,sz.000032,15.7100,15.7100,15.7100,15.7100,15.7100,0,0.0000,,0.000000,0,0
2017-05-17,sz.000032,15.7100,15.7100,15.7100,15.7100,15.7100,0,0.0000,,0.000000,0,0
2017-05-18,sz.000032,15.7100,15.7100,15.7100,15.7100,15.7100,0,0.0000,,0.000000,0,0
2017-05-19,sz.000032,15.7100,15.7100,15.7100,15.7100,15.7100,0,0.0000,,0.000000,0,0
2017-05-22,sz.000032,15.7100,15.7100,15.7100,15.7100,15.7100,0,0.0000,,0.000000,0,0
2017-05-23,sz.000032,15.6900,15.6900,15.6900,15.6900,15.6900,0,0.0000,,0.000000,0,0
2017-05-24,sz.000032,15.6900,15.6900,15.6900,15.6900,15.6900,0,0.0000,,0.000000,0,0
2017-05-25,sz.000032,15.6900,15.6900,15.6900,15.6900,15.6900,0,0.0000,,0.000000,0,0
2017-05-26,sz.000032,15.6900,15.6900,15.6900,15.6900,15.6900,0,0.0000,,0.000000,0,0
2017-05-31,sz.000032,15.6900,15.6900,15.6900,15.6900,15.6900,0,0.0000,,0.000000,0,0
2017-06-01,sz.000032,15.6900,15.6900,15.6900,15.6900,15.6900,0,0.0000,,0.000000,0,0
2017-06-02,sz.000032,15.6900,15.6900,15.6900,15.6900,15.6900,0,0.0000,,0.000000,0,0
2017-06-05,sz.000032,15.6900,15.6900,15.6900,15.6900,15.6900,0,0.0000,,0.000000,0,0
2017-06-06,sz.000032,15.6900,15.6900,15.6900,15.6900,15.6900,0,0.0000,,0.000000,0,0
2017-06-07,sz.000032,15.6900,15.6900,15.6900,15.6900,15.6900,0,0.0000,,0.000000,0,0
2017-06-08,sz.000032,15.6900,15.6900,15.6900,15.6900,15.6900,0,0.0000,,0.000000,0,0
2017-06-09,sz.000032,15.6900,15.6900,15.6900,15.6900,15.6900,0,0.0000,,0.000000,0,0
2017-06-12,sz.000032,15.6900,15.6900,15.6900,15.6900,15.6900,0,0.0000,,0.000000,0,0
2017-06-13,sz.000032,15.6900,15.6900,15.6900,15.6900,15.6900,0,0.0000,,0.000000,0,0
2017-06-14,sz.000032,15.6900,15.6900,15.6900,15.6900,15.6900,0,0.0000,,0.000000,0,0
2017-06-15,sz.000032,15.6900,15.6900,15.6900,15.6900,15.6900,0,0.0000,,0.000000,0,0
2017-06-16,sz.000032,15.6900,15.6900,15.6900,15.6900,15.6900,0,0.0000,,0.000000,0,0
2017-06-19,sz.000032,15.6900,15.6900,15.6900,15.6900,15.6900,0,0.0000,,0.000000,0,0
2017-06-20,sz.000032,15.6900,15.6900,15.6900,15.6900,15.6900,0,0.0000,,0.000000,0,0
2017-06-21,sz.000032,15.6900,15.6900,15.6900,15.6900,15.6900,0,0.0000,,0.000000,0,0
2017-06-22,sz.000032,15.6900,15.6900,15.6900,15.6900,15.6900,0,0.0000,,0.000000,0,0
2017-06-23,sz.000032,15.6900,15.6900,15.6900,15.6900,15.6900,0,0.0000,,0.000000,0,0
2017-06-26,sz.000032,15.6900,15.6900,15.6900,15.6900,15.6900,0,0.0000,,0.000000,0,0
2017-06-27,sz.000032,15.6900,15.6900,15.6900,15.6900,15.6900,0,0.0000,,0.000000,0,0
2017-06-28,sz.000032,15.6900,15.6900,15.6900,15.6900,15.6900,0,0.0000,,0.000000,0,0
2017-06-29,sz.000032,15.6900,15.6900,15.6900,15.6900,15.6900,0,0.0000,,0.000000,0,0
2017-06-30,sz.000032,15.6900,15.6900,15.6900,15.6900,15.6900,0,0.0000,,0.000000,0,0
2017-07-03,sz.000032,15.6900,15.6900,15.6900,15.6900,15.6900,0,0.0000,,0.000000,0,0
2017-07-04,sz.000032,15.6900,15.6900,15.6900,15.6900,15.6900,0,0.0000,,0.000000,0,0
2017-07-05,sz.000032,15.6900,15.6900,15.6900,15.6900,15.6900,0,0.0000,,0.000000,0,0
2017-07-06,sz.000032,15.6900,15.6900,15.6900,15.6900,15.6900,0,0.0000,,0.000000,0,0
2017-07-07,sz.000032,15.6900,15.6900,15.6900,15.6900,15.6900,0,0.0000,,0.000000,0,0
2017-07-10,sz.000032,15.6900,15.6900,15.6900,15.6900,15.6900,0,0.0000,,0.000000,0,0
2017-07-11,sz.000032,15.6900,15.6900,15.6900,15.6900,15.6900,0,0.0000,,0.000000,0,0
2017-07-12,sz.000032,15.6900,15.6900,15.6900,15.6900,15.6900,0,0.0000,,0.000000,0,0
2017-07-13,sz.000032,15.6900,15.6900,15.6900,15.6900,15.6900,0,0.0000,,0.000000,0,0
2017-07-14,sz.000032,15.6900,15.6900,15.6900,15.6900,15.6900,0,0.0000,,0.000000,0,0
2017-07-17,sz.000032,15.6900,15.6900,15.6900,15.6900,15.6900,0,0.0000,,0.000000,0,0
2017-07-18,sz.000032,15.6900,15.6900,15.6900,15.6900,15.6900,0,0.0000,,0.000000,0,0
2017-07-19,sz.000032,15.6900,15.6900,15.6900,15.6900,15.6900,0,0.0000,,0.000000,0,0
2017-07-20,sz.000032,15.6900,15.6900,15.6900,15.6900,15.6900,0,0.0000,,0.000000,0,0
2017-07-21,sz.000032,15.6900,15.6900,15.6900,15.6900,15.6900,0,0.0000,,0.000000,0,0
2017-07-24,sz.000032,15.6900,15.6900,15.6900,15.6900,15.6900,0,0.0000,,0.000000,0,0
2017-07-25,sz.000032,15.6900,15.6900,15.6900,15.6900,15.6900,0,0.0000,,0.000000,0,0
2017-07-26,sz.000032,15.6900,15.6900,15.6900,15.6900,15.6900,0,0.0000,,0.000000,0,0
2017-07-27,sz.000032,15.6900,15.6900,15.6900,15.6900,15.6900,0,0.0000,,0.000000,0,0
2017-07-28,sz.000032,15.6900,15.6900,15.6900,15.6900,15.6900,0,0.0000,,0.000000,0,0
2017-07-31,sz.000032,15.6900,15.6900,15.6900,15.6900,15.6900,0,0.0000,,0.000000,0,0
2017-08-01,sz.000032,15.6900,15.6900,15.6900,15.6900,15.6900,0,0.0000,,0.000000,0,0
2017-08-02,sz.000032,15.6900,15.6900,15.6900,15.6900,15.6900,0,0.0000,,0.000000,0,0
2017-08-03,sz.000032,15.6900,15.6900,15.6900,15.6900,15.6900,0,0.0000,,0.000000,0,0
2017-08-04,sz.000032,15.6900,15.6900,15.6900,15.6900,15.6900,0,0.0000,,0.000000,0,0
2017-08-07,sz.000032,15.6900,15.6900,15.6900,15.6900,15.6900,0,0.0000,,0.000000,0,0
2017-08-08,sz.000032,15.6900,15.6900,15.6900,15.6900,15.6900,0,0.0000,,0.000000,0,0
2017-08-09,sz.000032,15.6900,15.6900,15.6900,15.6900,15.6900,0,0.0000,,0.000000,0,0
2017-08-10,sz.000032,15.6900,15.6900,15.6900,15.6900,15.6900,0,0.0000,,0.000000,0,0
2017-08-11,sz.000032,15.6900,15.6900,15.6900,15.6900,15.6900,0,0.0000,,0.000000,0,0
2017-08-14,sz.000032,15.6900,15.6900,15.6900,15.6900,15.6900,0,0.0000,,0.000000,0,0
2017-08-15,sz.000032,15.6900,15.6900,15.6900,15.6900,15.6900,0,0.0000,,0.000000,0,0
2017-08-16,sz.000032,15.6900,15.6900,15.6900,15.6900,15.6900,0,0.0000,,0.000000,0,0
2017-08-17,sz.000032,15.6900,15.6900,15.6900,15.6900,15.6900,0,0.0000,,0.000000,0,0
2017-08-18,sz.000032,15.6900,15.6900,15.6900,15.6900,15.6900,0,0.0000,,0.000000,0,0
2017-08-21,sz.000032,15.6900,15.6900,15.6900,15.6900,15.6900,0,0.0000,,0.000000,0,0
2017-08-22,sz.000032,15.6900,15.6900,15.6900,15.6900,15.6900,0,0.0000,,0.000000,0,0
2017-08-23,sz.000032,15.6900,15.6900,15.6900,15.6900,15.6900,0,0.0000,,0.000000,0,0
2017-08-24,sz.000032,15.6900,15.6900,15.6900,15.6900,15.6900,0,0.0000,,0.000000,0,0
2017-08-25,sz.000032,15.6900,15.6900,15.6900,15.6900,15.6900,0,0.0000,,0.000000,0,0
2017-08-28,sz.000032,15.6900,15.6900,15.6900,15.6900,15.6900,0,0.0000,,0.000000,0,0
2017-08-29,sz.000032,15.6900,15.6900,15.6900,15.6900,15.6900,0,0.0000,,0.000000,0,0
2017-08-30,sz.000032,15.6900,15.6900,15.6900,15.6900,15.6900,0,0.0000,,0.000000,0,0
2017-08-31,sz.000032,15.6900,15.6900,15.6900,15.6900,15.6900,0,0.0000,,0.000000,0,0
2017-09-01,sz.000032,15.6900,15.6900,15.6900,15.6900,15.6900,0,0.0000,,0.000000,0,0
2017-09-04,sz.000032,15.6900,15.6900,15.6900,15.6900,15.6900,0,0.0000,,0.000000,0,0
2017-09-05,sz.000032,15.6900,15.6900,15.6900,15.6900,15.6900,0,0.0000,,0.000000,0,0
2017-09-06,sz.000032,15.6900,15.6900,15.6900,15.6900,15.6900,0,0.0000,,0.000000,0,0
2017-09-07,sz.000032,15.6900,15.6900,15.6900,15.6900,15.6900,0,0.0000,,0.000000,0,0
2017-09-08,sz.000032,15.6900,15.6900,15.6900,15.6900,15.6900,0,0.0000,,0.000000,0,0
2017-09-11,sz.000032,15.6900,15.6900,15.6900,15.6900,15.6900,0,0.0000,,0.000000,0,0
2017-09-12,sz.000032,15.0300,15.9800,14.3800,15.5100,15.6900,16079485,241901132.0800,5.754266,-1.147223,1,0
2017-09-13,sz.000032,15.2000,15.2000,14.5100,14.5900,15.5100,10269827,151535637.6500,3.675200,-5.931658,1,0
2017-09-14,sz.000032,14.4100,14.7300,14.3000,14.3000,14.5900,6738640,97508556.0400,2.411516,-1.987663,1,0
2017-09-15,sz.000032,14.3200,14.4500,14.0600,14.1100,14.3000,4690211,66565093.4000,1.678457,-1.328675,1,0
2017-09-18,sz.000032,14.1500,14.2900,14.1000,14.2200,14.1100,3297259,46769719.0900,1.179970,0.779593,1,0
2017-09-19,sz.000032,14.2300,14.2500,13.8000,13.9000,14.2200,4709835,66264286.1500,1.685480,-2.250356,1,0
2017-09-20,sz.000032,13.9400,13.9400,13.5200,13.7400,13.9000,5375406,73622727.0200,1.923663,-1.151078,1,0
2017-09-21,sz.000032,13.7400,13.8900,13.6300,13.8500,13.7400,3193719,43977383.6000,1.142917,0.800587,1,0
2017-09-22,sz.000032,13.8100,13.8100,13.5700,13.5700,13.8500,2908143,39709119.4500,1.040719,-2.021666,1,0
2017-09-25,sz.000032,13.6000,13.6200,12.9300,12.9600,13.5700,5264195,69442387.8900,1.883865,-4.495208,1,0
2017-09-26,sz.000032,12.9500,13.1200,12.9500,13.0200,12.9600,2611924,34045017.4800,0.934713,0.462966,1,0
2017-09-27,sz.000032,13.0200,13.2500,12.8900,13.1800,13.0200,2914250,38216268.5200,1.042905,1.228877,1,0
2017-09-28,sz.000032,13.1900,13.3500,13.1000,13.1300,13.1800,2779709,36840606.6100,0.994757,-0.379364,1,0
2017-09-29,sz.000032,13.1000,13.2300,13.0500,13.1500,13.1300,1992574,26221705.3600,0.713070,0.152319,1,0
2017-10-09,sz.000032,13.2500,13.3300,13.1800,13.2200,13.1500,3165947,41945088.9500,1.132978,0.532324,1,0
2017-10-10,sz.000032,13.2500,13.6700,13.1700,13.4700,13.2200,3489715,46887917.0500,1.248843,1.891074,1,0
2017-10-11,sz.000032,13.4000,13.4400,13.2500,13.2900,13.4700,2753618,36684713.0200,0.985420,-1.336305,1,0
2017-10-12,sz.000032,13.3000,13.4400,13.2100,13.3100,13.2900,1873877,24976243.4500,0.670593,0.150493,1,0
2017-10-13,sz.000032,13.3200,13.3800,13.2000,13.2600,13.3100,2226498,29470859.6500,0.796783,-0.375659,1,0
2017-10-16,sz.000032,13.2600,13.2800,12.9000,12.9100,13.2600,3348499,43715652.7400,1.198307,-2.639520,1,0
2017-10-17,sz.000032,12.9200,13.0100,12.7100,12.8000,12.9100,2574919,33125118.2800,0.921470,-0.852050,1,0
2017-10-18,sz.000032,12.8200,12.8700,12.5200,12.5700,12.8000,2433964,30946713.0800,0.871028,-1.796879,1,0
2017-10-19,sz.000032,12.6300,12.6300,12.0600,12.2000,12.5700,3519834,43180935.4000,1.259621,-2.943515,1,0
2017-10-20,sz.000032,12.2000,12.3400,12.1600,12.3300,12.2000,1476739,18143335.9600,0.528471,1.065575,1,0
2017-10-23,sz.000032,12.3500,12.6300,12.1700,12.6100,12.3300,2928781,36327275.6400,1.048105,2.270882,1,0
2017-10-24,sz.000032,12.5700,12.5800,12.4000,12.4500,12.6100,1644672,20473997.0300,0.588569,-1.268833,1,0
2017-10-25,sz.000032,12.4900,12.6600,12.3900,12.4900,12.4500,1574966,19718178.9800,0.563623,0.321285,1,0
2017-10-26,sz.000032,12.4300,12.6600,12.4300,12.6200,12.4900,1993027,25081111.2300,0.713232,1.040834,1,0
2017-10-27,sz.000032,12.6400,12.6400,12.4500,12.5100,12.6200,1661105,20776887.2200,0.594449,-0.871630,1,0
2017-10-30,sz.000032,12.5300,12.5500,11.9400,12.0000,12.5100,2803301,34031983.2800,1.003200,-4.076741,1,0
2017-10-31,sz.000032,12.0600,12.2000,12.0000,12.1700,12.0000,1847233,22380880.3700,0.661058,1.416667,1,0
2017-11-01,sz.000032,12.1100,12.2300,12.1000,12.1700,12.1700,1440518,17512430.1200,0.515509,0.000000,1,0
2017-11-02,sz.000032,12.2400,12.2400,11.8800,11.9000,12.1700,1656919,19870209.7400,0.592951,-2.218574,1,0
2017-11-03,sz.000032,11.9600,12.0000,11.1500,11.5400,11.9000,2686547,31085271.8200,0.961418,-3.025207,1,0
2017-11-06,sz.000032,11.4800,11.5600,11.3200,11.5400,11.5400,1556245,17792046.6800,0.556924,0.000000,1,0
2017-11-07,sz.000032,11.4900,11.7000,11.4400,11.6200,11.5400,1621410,18775042.5000,0.580244,0.693240,1,0
2017-11-08,sz.000032,11.6200,11.7600,11.5700,11.6400,11.6200,1839148,21509296.0400,0.658165,0.172121,1,0
2017-11-09,sz.000032,11.6000,11.7200,11.5000,11.6700,11.6400,1851967,21519062.9900,0.662752,0.257730,1,0
2017-11-10,sz.000032,11.6700,11.9800,11.6200,11.8900,11.6700,3224580,38039875.0200,1.153961,1.885178,1,0
2017-11-13,sz.000032,11.8900,11.9700,11.6400,11.6400,11.8900,2965781,34944900.2500,1.061346,-2.102607,1,0
2017-11-14,sz.000032,11.6600,11.6600,11.3000,11.3700,11.6400,2895630,33050747.3100,1.036241,-2.319592,1,0
2017-11-15,sz.000032,11.3700,12.1900,11.3100,11.6100,11.3700,4059323,47721285.2900,1.452685,2.110816,1,0
2017-11-16,sz.000032,11.6200,11.8700,11.3200,11.7700,11.6100,2620763,30649190.7100,0.937876,1.378129,1,0
2017-11-17,sz.000032,11.7200,12.5800,11.6300,12.3500,11.7700,10644337,129747902.4100,3.809223,4.927782,1,0
2017-11-20,sz.000032,12.1000,12.2000,11.1200,11.6700,12.3500,8176912,95292253.2400,2.926221,-5.506075,1,0
2017-11-21,sz.000032,11.3800,11.6300,11.3100,11.4200,11.6700,4219239,48199794.7800,1.509913,-2.142245,1,0
2017-11-22,sz.000032,11.4100,11.4100,11.1200,11.3000,11.4200,3931100,44317401.2000,1.406799,-1.050787,1,0
2017-11-23,sz.000032,11.3400,11.4300,11.1500,11.2300,11.3000,2741655,30890501.0600,0.981139,-0.619475,1,0
2017-11-24,sz.000032,11.2000,11.3400,11.1300,11.2300,11.2300,1600014,17999730.6200,0.572587,0.000000,1,0
2017-11-27,sz.000032,11.2300,11.4600,11.1500,11.4600,11.2300,2376474,26995918.8300,0.850454,2.048090,1,0
2017-11-28,sz.000032,11.3800,12.0500,11.3400,11.8600,11.4600,5450721,64256093.3000,1.950616,3.490398,1,0
2017-11-29,sz.000032,11.7600,11.9900,11.6700,11.7800,11.8600,3484609,41122297.7200,1.247016,-0.674536,1,0
2017-11-30,sz.000032,11.7800,11.8800,11.5500,11.7600,11.7800,2665192,31245798.3600,0.953776,-0.169775,1,0
2017-12-01,sz.000032,11.7600,12.0900,11.6000,11.9500,11.7600,3487034,41411593.1400,1.247883,1.615643,1,0
2017-12-04,sz.000032,11.9400,12.2100,11.8200,12.0000,11.9500,3126265,37668249.4500,1.118777,0.418412,1,0
2017-12-05,sz.000032,11.9000,11.9700,11.4000,11.5800,12.0000,3216726,37631495.0500,1.151150,-3.500001,1,0
2017-12-06,sz.000032,11.4600,11.7600,11.4100,11.6700,11.5800,1594536,18427712.0800,0.570627,0.777203,1,0
2017-12-07,sz.000032,11.7200,12.4500,11.6200,12.1300,11.6700,8141577,98729669.5300,2.913576,3.941731,1,0
2017-12-08,sz.000032,12.0900,12.2800,12.0400,12.2200,12.1300,4136612,50319012.4000,1.480344,0.741963,1,0
2017-12-11,sz.000032,12.2000,12.2900,12.0400,12.1400,12.2200,2810889,34164024.5200,1.005916,-0.654664,1,0
2017-12-12,sz.000032,12.1400,12.1400,11.7500,11.8300,12.1400,3213548,38198407.6300,1.150013,-2.553545,1,0
2017-12-13,sz.000032,11.8500,12.0000,11.8000,11.8600,11.8300,2145241,25492142.3500,0.767704,0.253590,1,0
2017-12-14,sz.000032,11.8500,11.8800,11.4400,11.4600,11.8600,4030235,46570100.0000,1.442275,-3.372678,1,0
2017-12-15,sz.000032,11.3900,11.4500,11.1500,11.2000,11.4600,3485590,39236366.8200,1.247367,-2.268763,1,0
2017-12-18,sz.000032,11.1600,11.1800,10.5500,10.6400,11.2000,4454376,48150882.6800,1.594060,-4.999995,1,0
2017-12-19,sz.000032,10.2100,10.4500,9.9600,10.4200,10.6400,6290668,64067654.1600,2.251203,-2.067672,1,0
2017-12-20,sz.000032,10.2900,10.3100,10.0700,10.2900,10.4200,3404066,34703904.2500,1.218192,-1.247602,1,0
2017-12-21,sz.000032,10.2000,10.2700,10.0000,10.0000,10.2900,2387796,24083184.2000,0.854506,-2.818270,1,0
2017-12-22,sz.000032,10.0400,10.2300,9.9800,10.1900,10.0000,2387402,24136521.5800,0.854365,1.899996,1,0
2017-12-25,sz.000032,10.1700,10.1700,9.9000,10.1000,10.1900,2350437,23575195.9000,0.841136,-0.883211,1,0
2017-12-26,sz.000032,10.1000,10.2100,9.9600,10.2100,10.1000,2015043,20357145.6600,0.721111,1.089105,1,0
2017-12-27,sz.000032,10.1900,10.2400,10.0500,10.1000,10.2100,1213556,12297460.7100,0.434288,-1.077372,1,0
2017-12-28,sz.000032,10.0800,10.1600,10.0000,10.0600,10.1000,1236909,12471780.4000,0.442645,-0.396039,1,0
2017-12-29,sz.000032,10.0600,10.0600,10.0600,10.0600,10.0600,0,0.0000,,0.000000,0,0
2018-01-02,sz.000032,10.0600,10.0600,10.0600,10.0600,10.0600,0,0.0000,,0.000000,0,0
2018-01-03,sz.000032,10.3200,10.4800,10.1900,10.3400,10.0600,2921246,30266754.1500,1.045408,2.783297,1,0
2018-01-04,sz.000032,10.2600,10.3700,10.2100,10.2600,10.3400,1612996,16555500.5600,0.577233,-0.773694,1,0
2018-01-05,sz.000032,10.3000,10.5000,10.2400,10.4400,10.2600,2619847,27273905.5100,0.937549,1.754380,1,0
2018-01-08,sz.000032,10.3600,10.4200,10.2900,10.3500,10.4400,1745532,18070653.7600,0.624663,-0.862061,1,0
2018-01-09,sz.000032,10.3800,10.4400,10.2100,10.2400,10.3500,1526910,15780912.2000,0.546426,-1.062808,1,0
2018-01-10,sz.000032,10.2400,10.4800,10.2000,10.2900,10.2400,2383762,24677536.3200,0.853062,0.488283,1,0
2018-01-11,sz.000032,10.2500,10.2700,10.0300,10.1700,10.2900,2052811,20830919.9600,0.734627,-1.166180,1,0
2018-01-12,sz.000032,10.1700,10.2700,10.0700,10.0800,10.1700,1441720,14612791.9900,0.515939,-0.884957,1,0
2018-01-15,sz.000032,10.0800,10.1000,9.7000,9.7900,10.0800,2753840,27121662.3300,0.985500,-2.876984,1,0
2018-01-16,sz.000032,9.8000,9.8000,9.5000,9.5600,9.7900,2252297,21735011.4900,0.806016,-2.349331,1,0
2018-01-17,sz.000032,9.5300,9.5300,9.1200,9.4600,9.5600,2922271,27189836.9600,1.045775,-1.046029,1,0
2018-01-18,sz.000032,9.4100,9.6600,9.3200,9.5900,9.4600,2021888,19171387.5300,0.723561,1.374208,1,0
2018-01-19,sz.000032,9.5900,9.6000,9.4000,9.4500,9.5900,1449928,13748282.2500,0.518877,-1.459858,1,0
2018-01-22,sz.000032,9.4700,9.5100,9.1500,9.4500,9.4500,1507689,14090495.9100,0.539547,0.000000,1,0
2018-01-23,sz.000032,9.4700,9.6400,9.4000,9.5900,9.4500,1333574,12714998.4600,0.477238,1.481485,1,0
2018-01-24,sz.000032,9.5100,10.0600,9.5000,9.8900,9.5900,5537872,54739814.9400,1.981804,3.128260,1,0
2018-01-25,sz.000032,9.7600,9.8500,9.6500,9.6900,9.8900,2589789,25179755.9200,0.926792,-2.022252,1,0
2018-01-26,sz.000032,9.6500,9.7600,9.5000,9.5000,9.6900,1505178,14463824.1200,0.538649,-1.960780,1,0
2018-01-29,sz.000032,9.5300,9.5300,9.2300,9.2300,9.5000,1427062,13310602.3500,0.510694,-2.842110,1,0
2018-01-30,sz.000032,9.2300,9.3200,9.0000,9.1000,9.2300,2325661,21206130.0700,0.832270,-1.408442,1,0
2018-01-31,sz.000032,9.0200,9.1200,8.4200,8.5300,9.1000,3205545,27963536.0300,1.147149,-6.263743,1,0
2018-02-01,sz.000032,8.5000,8.5600,8.0300,8.1400,8.5300,4676395,38422050.2300,1.673513,-4.572092,1,0
2018-02-02,sz.000032,8.0500,8.1400,7.5200,8.0300,8.1400,3327384,26212195.7400,1.190750,-1.351359,1,0
2018-02-05,sz.000032,8.0900,8.2700,7.8800,8.0600,8.0300,1671929,13448030.4500,0.598323,0.373608,1,0
2018-02-06,sz.000032,8.0100,8.0800,7.6100,7.6100,8.0600,2347820,18398775.1800,0.840200,-5.583130,1,0
2018-02-07,sz.000032,8.0500,8.0500,7.4100,7.7700,7.6100,1625652,12530897.2900,0.581762,2.102495,1,0
2018-02-08,sz.000032,7.7300,7.9900,7.6500,7.8800,7.7700,1817364,14291857.4600,0.650369,1.415703,1,0
2018-02-09,sz.000032,7.7000,7.8400,7.3200,7.3500,7.8800,2106083,15932518.9700,0.753691,-6.725891,1,0
2018-02-12,sz.000032,7.4300,7.6200,7.3300,7.5300,7.3500,2111725,15870916.1800,0.755710,2.448984,1,0
2018-02-13,sz.000032,7.5600,7.7700,7.5000,7.6100,7.5300,1940422,14826438.4200,0.694407,1.062416,1,0
2018-02-14,sz.000032,7.6400,7.6600,7.4800,7.6200,7.6100,899982,6828176.2400,0.322071,0.131403,1,0
2018-02-22,sz.000032,7.6800,7.8700,7.6000,7.7500,7.6200,1325638,10233712.5800,0.474398,1.706038,1,0
2018-02-23,sz.000032,7.8600,7.8600,7.6900,7.7600,7.7500,1607228,12501092.4000,0.575169,0.129035,1,0
2018-02-26,sz.000032,7.7700,8.0300,7.7400,8.0000,7.7600,2373175,18731735.4900,0.849274,3.092781,1,0
2018-02-27,sz.000032,7.9900,8.0500,7.8900,7.9900,8.0000,1965629,15662740.1100,0.703428,-0.125003,1,0
2018-02-28,sz.000032,7.9300,8.0000,7.7800,7.9400,7.9900,2046654,16175455.9400,0.732423,-0.625779,1,0
2018-03-01,sz.000032,7.9000,8.1900,7.8400,8.1200,7.9400,2475287,19975024.3700,0.885816,2.267000,1,0
2018-03-02,sz.000032,8.0800,8.8800,8.0800,8.6000,8.1200,7501812,63116060.0600,2.684627,5.911336,1,0
2018-03-05,sz.000032,8.3100,8.4900,8.3100,8.3800,8.6000,3146036,26326784.7500,1.125853,-2.558142,1,0
2018-03-06,sz.000032,8.3600,8.9900,8.2700,8.8400,8.3800,5999013,52003204.9500,2.146830,5.489261,1,0
2018-03-07,sz.000032,8.7400,9.4500,8.6700,9.2500,8.8400,8612926,79126485.3500,3.082255,4.638007,1,0
2018-03-08,sz.000032,9.2100,9.3800,8.9800,9.1200,9.2500,5872157,53765019.2100,2.101433,-1.405407,1,0
2018-03-09,sz.000032,9.0500,9.4600,8.7600,9.2100,9.1200,5389557,48613363.1400,1.928728,0.986844,1,0
2018-03-12,sz.000032,9.1200,9.2000,9.0200,9.1500,9.2100,3620587,32974636.5800,1.295677,-0.651470,1,0
2018-03-13,sz.000032,9.1500,9.1500,8.9200,8.9200,9.1500,2467922,22222467.9600,0.883180,-2.513656,1,0
2018-03-14,sz.000032,8.8900,8.9100,8.5600,8.6800,8.9200,2965944,25914122.6200,1.061404,-2.690580,1,0
2018-03-15,sz.000032,8.6400,9.5500,8.6100,9.3300,8.6800,8616530,79255506.4500,3.083545,7.488474,1,0
2018-03-16,sz.000032,9.2200,9.3800,9.0600,9.2400,9.3300,5237261,48226824.8900,1.874226,-0.964632,1,0
2018-03-19,sz.000032,9.1900,9.5500,9.0500,9.2900,9.2400,4603769,42608068.4100,1.647522,0.541128,1,0
2018-03-20,sz.000032,9.1700,10.2200,9.0600,10.2200,9.2900,11623047,113693261.5300,4.159468,10.010770,1,0
2018-03-21,sz.000032,10.5300,11.2400,10.2900,10.7800,10.2200,21361345,231855408.3900,7.644453,5.479447,1,0
2018-03-22,sz.000032,10.6000,11.1900,10.2100,11.0300,10.7800,18096747,191751103.6200,6.476171,2.319109,1,0
2018-03-23,sz.000032,10.4100,10.8800,9.9300,10.0000,11.0300,13421206,138882075.8000,4.802964,-9.338166,1,0
2018-03-26,sz.000032,9.5100,9.8900,9.1000,9.8200,10.0000,7187618,68605163.9200,2.572189,-1.800003,1,0
2018-03-27,sz.000032,9.9300,10.4100,9.7800,10.4100,9.8200,8643428,87325858.5600,3.093170,6.008149,1,0
2018-03-28,sz.000032,10.0700,10.5800,10.0700,10.2100,10.4100,8189245,84615411.8600,2.930635,-1.921228,1,0
2018-03-29,sz.000032,10.1200,10.4000,10.1000,10.1500,10.2100,4453508,45534520.8100,1.593749,-0.587663,1,0
2018-03-30,sz.000032,10.0900,10.2400,9.9800,10.0200,10.1500,4858187,49032526.7700,1.738569,-1.280780,1,0
2018-04-02,sz.000032,9.9600,10.1500,9.7500,10.0200,10.0200,5217747,51984888.6900,1.867243,0.000000,1,0
2018-04-03,sz.000032,9.8200,9.8600,9.2000,9.4700,10.0200,6279472,59538765.5000,2.247196,-5.489024,1,0
2018-04-04,sz.000032,9.4500,9.5600,9.2500,9.3300,9.4700,3335531,31464242.3300,1.193666,-1.478356,1,0
2018-04-09,sz.000032,9.2500,9.5000,8.8700,9.4700,9.3300,3820066,35410053.2700,1.367063,1.500540,1,0
2018-04-10,sz.000032,9.3500,9.4900,9.2200,9.4700,9.4700,2548192,23862300.4800,0.911906,0.000000,1,0
2018-04-11,sz.000032,9.4700,9.6300,9.4300,9.5700,9.4700,2750695,26279917.8100,0.984374,1.055960,1,0
2018-04-12,sz.000032,9.5700,9.6000,9.1500,9.1800,9.5700,3512532,32717320.6800,1.257008,-4.075229,1,0
2018-04-13,sz.000032,9.2900,9.3000,9.0000,9.0400,9.1800,2546228,23225683.9600,0.911203,-1.525058,1,0
2018-04-16,sz.000032,9.0400,9.2700,9.0200,9.1900,9.0400,2781362,25534418.6500,0.995349,1.659288,1,0
2018-04-17,sz.000032,9.1900,9.2700,8.6200,8.6400,9.1900,3358178,30014920.8500,1.201770,-5.984758,1,0
2018-04-18,sz.000032,8.7500,8.9800,8.4300,8.9300,8.6400,4157271,36458270.7500,1.487737,3.356481,1,0
2018-04-19,sz.000032,8.8500,9.2600,8.8500,9.1200,8.9300,4381890,39833449.2200,1.568120,2.127655,1,0
2018-04-20,sz.000032,9.1200,9.2700,8.6600,8.8400,9.1200,3695976,33288022.3400,1.322656,-3.070173,1,0
2018-04-23,sz.000032,8.7100,8.8600,8.4200,8.6000,8.8400,2657314,22898910.6000,0.950957,-2.714930,1,0
2018-04-24,sz.000032,8.5800,8.9000,8.5700,8.8800,8.6000,2332139,20472337.3700,0.834588,3.255810,1,0
2018-04-25,sz.000032,8.8000,9.1400,8.7600,9.1300,8.8800,3135237,28268422.2500,1.121988,2.815315,1,0
2018-04-26,sz.000032,9.1000,9.2600,9.0200,9.2100,9.1300,4705901,43133648.9300,1.684074,0.876231,1,0
2018-04-27,sz.000032,9.2700,9.3400,9.0000,9.1200,9.2100,3171163,29054374.7700,1.134846,-0.977200,1,0
2018-05-02,sz.000032,9.1500,9.1900,8.8000,8.9500,9.1200,1941556,17444603.0000,0.694814,-1.864036,1,0
2018-05-03,sz.000032,8.9100,9.1900,8.7600,9.1900,8.9500,2580062,23200271.0000,0.923312,2.681562,1,0
2018-05-04,sz.000032,9.1800,9.4000,9.1300,9.3500,9.1900,4715249,43884296.8400,1.687420,1.741032,1,0
2018-05-07,sz.000032,9.3000,9.4500,9.2100,9.3900,9.3500,3476561,32488540.3600,1.244137,0.427807,1,0
2018-05-08,sz.000032,9.3500,9.8400,9.2100,9.8200,9.3900,7921473,76313093.4800,2.834813,4.579332,1,0
2018-05-09,sz.000032,9.7000,9.7300,9.5300,9.7000,9.8200,4209246,40511946.2800,1.506339,-1.221995,1,0
2018-05-10,sz.000032,9.6300,10.2400,9.5700,9.8700,9.7000,6734272,66301977.9000,2.409956,1.752578,1,0
2018-05-11,sz.000032,9.7700,10.1800,9.4600,9.9500,9.8700,7753492,76246995.9800,2.774699,0.810536,1,0
2018-05-14,sz.000032,9.7900,9.8200,9.5000,9.5400,9.9500,3993298,38551882.9100,1.429059,-4.120602,1,0
2018-05-15,sz.000032,9.4300,9.7800,9.4300,9.6600,9.5400,2778241,26775755.0400,0.994234,1.257860,1,0
2018-05-16,sz.000032,9.5900,9.6300,9.4200,9.4800,9.6600,2635957,25059536.1600,0.943315,-1.863357,1,0
2018-05-17,sz.000032,9.4400,9.5900,9.3700,9.3800,9.4800,2368028,22453443.7200,0.847433,-1.054846,1,0
2018-05-18,sz.000032,9.3700,9.5700,9.3700,9.5500,9.3800,2170280,20584423.1000,0.776666,1.812368,1,0
2018-05-21,sz.000032,9.5700,9.7300,9.5500,9.6700,9.5500,3678097,35453993.0200,1.316260,1.256543,1,0
2018-05-22,sz.000032,9.6700,9.7200,9.4600,9.6700,9.6700,2880667,27655099.1500,1.030888,0.000000,1,0
2018-05-23,sz.000032,9.6400,9.6800,9.2900,9.3100,9.6700,2915590,27702661.0000,1.043386,-3.722851,1,0
2018-05-24,sz.000032,9.2000,9.2400,9.0400,9.1300,9.3100,3097160,28362866.8000,1.108363,-1.933408,1,0
2018-05-25,sz.000032,9.1100,9.2000,8.9600,9.0200,9.1300,2383600,21621884.2800,0.853006,-1.204816,1,0
2018-05-28,sz.000032,9.0400,9.1000,8.7200,8.8000,9.0200,1956140,17435404.1800,0.700033,-2.439027,1,0
2018-05-29,sz.000032,8.8300,8.8800,8.6200,8.6200,8.8000,2251994,19689626.5000,0.805908,-2.045458,1,0
2018-05-30,sz.000032,8.4700,8.5300,8.0300,8.1300,8.6200,2801963,23089620.9300,1.002723,-5.684452,1,0
2018-05-31,sz.000032,8.1600,8.4300,8.1600,8.2500,8.1300,1827987,15132035.2100,0.654171,1.476013,1,0
2018-06-01,sz.000032,8.2400,8.2600,7.9800,8.1000,8.2500,2034787,16493131.5000,0.728178,-1.818177,1,0
2018-06-04,sz.000032,8.0200,8.2200,8.0200,8.1800,8.1000,1404326,11411463.4900,0.502558,0.987653,1,0
2018-06-05,sz.000032,8.1800,8.4500,8.1700,8.4400,8.1800,1951310,16242196.9000,0.698304,3.178475,1,0
2018-06-06,sz.000032,8.3600,8.8300,8.3600,8.6800,8.4400,3394989,29202541.6300,1.214946,2.843611,1,0
2018-06-07,sz.000032,8.6200,8.7500,8.5400,8.7400,8.6800,2948728,25614968.2300,1.055245,0.691238,1,0
2018-06-08,sz.000032,8.7300,8.8500,8.4300,8.5900,8.7400,3371782,29005220.2200,1.206641,-1.716243,1,0
2018-06-11,sz.000032,8.5400,8.7500,8.4600,8.6500,8.5900,2587975,22292224.4200,0.926144,0.698480,1,0
2018-06-12,sz.000032,8.6400,8.8000,8.5000,8.5900,8.6500,4312540,37123335.8400,1.543305,-0.693635,1,0
2018-06-13,sz.000032,8.5800,8.6800,8.4300,8.6000,8.5900,3738740,32104145.6600,1.337962,0.116417,1,0
2018-06-14,sz.000032,8.6200,8.9400,8.5600,8.8600,8.6000,6067231,53440100.1600,2.171246,3.023247,1,0
2018-06-15,sz.000032,8.7500,8.7800,8.0300,8.1500,8.8600,5359652,44517739.2900,1.918029,-8.013545,1,0
2018-06-19,sz.000032,7.8000,7.8000,7.3400,7.5900,8.1500,4670500,35161692.0000,1.671406,-6.871160,1,0
2018-06-20,sz.000032,7.5600,7.9000,7.5100,7.7500,7.5900,3485338,26923161.2600,1.247278,2.108035,1,0
2018-06-21,sz.000032,7.7100,7.9100,7.3400,7.4000,7.7500,3475888,26595494.1200,1.243897,-4.516128,1,0
2018-06-22,sz.000032,7.4100,7.5200,7.1000,7.4700,7.4000,1897438,14082325.5600,0.679026,0.945942,1,0
2018-06-25,sz.000032,7.5200,7.5800,7.3700,7.3900,7.4700,1522560,11386228.4000,0.544870,-1.070949,1,0
2018-06-26,sz.000032,7.3000,7.5600,7.1100,7.4900,7.3900,1607478,11887885.3800,0.575259,1.353179,1,0
2018-06-27,sz.000032,7.4900,7.5900,7.3500,7.4500,7.4900,1897138,14215935.2200,0.678918,-0.534045,1,0
2018-06-28,sz.000032,7.4500,7.5000,7.2600,7.3200,7.4500,1173120,8692810.2000,0.419818,-1.744962,1,0
2018-06-29,sz.000032,7.3200,7.5600,7.3100,7.5300,7.3200,2203401,16478075.4300,0.788519,2.868853,1,0
2018-07-02,sz.000032,7.5000,7.6200,7.3200,7.3900,7.5300,1715606,12814790.5400,0.613954,-1.859234,1,0
2018-07-03,sz.000032,7.3600,7.5800,7.3200,7.5600,7.3900,2197016,16392392.5800,0.786234,2.300407,1,0
2018-07-04,sz.000032,7.5800,7.8600,7.5400,7.7300,7.5600,4564437,35321302.1600,1.633449,2.248678,1,0
2018-07-05,sz.000032,7.6600,7.6600,7.2000,7.2500,7.7300,3530527,26191062.0100,1.263450,-6.209573,1,0
2018-07-06,sz.000032,7.2700,7.4100,7.0300,7.2900,7.2500,2146227,15555931.0100,0.768058,0.551724,1,0
2018-07-09,sz.000032,7.2900,7.4300,7.2700,7.4200,7.2900,1297360,9568537.0000,0.464279,1.783266,1,0
2018-07-10,sz.000032,7.4000,7.4800,7.3500,7.4600,7.4200,1470737,10907291.3900,0.526324,0.539083,1,0
2018-07-11,sz.000032,7.3800,7.3800,7.0300,7.1100,7.4600,1960761,14074053.4600,0.701687,-4.691688,1,0
2018-07-12,sz.000032,7.1500,7.6000,7.1500,7.4700,7.1100,3340485,24843349.2700,1.195441,5.063286,1,0
2018-07-13,sz.000032,7.4300,7.6000,7.4200,7.5400,7.4500,2601167,19562254.1900,0.930865,1.208056,1,0
2018-07-16,sz.000032,7.5300,7.7300,7.4900,7.7000,7.5400,3106901,23779120.3600,1.111849,2.122014,1,0
2018-07-17,sz.000032,7.6700,7.8200,7.6100,7.7500,7.7000,2576580,19866258.6800,0.922066,0.649353,1,0
2018-07-18,sz.000032,7.7400,8.0400,7.7400,7.7700,7.7500,2713220,21366795.0000,0.970965,0.258064,1,0
2018-07-19,sz.000032,7.7500,7.8500,7.5900,7.6600,7.7700,1698820,13026507.0000,0.607947,-1.415703,1,0
2018-07-20,sz.000032,7.6200,7.8100,7.5400,7.8100,7.6600,1751920,13482967.8000,0.626950,1.958226,1,0
2018-07-23,sz.000032,7.7600,7.9400,7.7100,7.9200,7.8100,2454240,19309646.0000,0.878285,1.408452,1,0
2018-07-24,sz.000032,7.8700,8.0200,7.8000,7.9800,7.9200,2981326,23655005.0400,1.066910,0.757575,1,0
2018-07-25,sz.000032,8.0000,8.1300,7.8600,7.9100,7.9800,2937310,23474262.8000,1.051159,-0.877195,1,0
2018-07-26,sz.000032,7.9100,7.9800,7.8700,7.9300,7.9100,1809760,14328473.0000,0.647649,0.252844,1,0
2018-07-27,sz.000032,7.9100,8.3000,7.8800,8.2500,7.9300,4844412,39434830.8600,1.733643,4.035311,1,0
2018-07-30,sz.000032,8.2300,9.0800,8.0600,8.6000,8.2500,12905740,113219152.9500,4.618505,4.242429,1,0
2018-07-31,sz.000032,8.3200,8.5800,8.1600,8.2500,8.6000,8589516,71614930.9000,3.073882,-4.069772,1,0
2018-08-01,sz.000032,8.2100,8.5000,8.0800,8.3300,8.2500,8106181,67129587.2600,2.900914,0.969696,1,0
2018-08-02,sz.000032,8.2000,8.3400,7.5000,7.6700,8.3300,6135799,48020013.0500,2.195784,-7.923167,1,0
2018-08-03,sz.000032,7.6400,7.7500,7.4100,7.4100,7.6700,3088611,23430326.0600,1.105304,-3.389833,1,0
2018-08-06,sz.000032,7.4200,7.4700,7.1600,7.2600,7.4100,2404861,17633138.5200,0.860614,-2.024287,1,0
2018-08-07,sz.000032,7.3200,7.5500,7.2500,7.5400,7.2600,2634376,19541064.9600,0.942749,3.856745,1,0
2018-08-08,sz.000032,7.5400,7.5400,7.3300,7.3700,7.5400,2049875,15225801.9000,0.733577,-2.254643,1,0
2018-08-09,sz.000032,7.4300,7.7700,7.3500,7.7300,7.3700,3536979,26904236.7300,1.265759,4.884670,1,0
2018-08-10,sz.000032,7.7500,8.1000,7.5500,7.9500,7.7300,5971836,47184512.8200,2.137107,2.846051,1,0
2018-08-13,sz.000032,7.7600,8.0000,7.6700,7.8900,7.9500,3267441,25501011.6800,1.169301,-0.754716,1,0
2018-08-14,sz.000032,7.8500,8.0700,7.7800,8.0000,7.8900,3390281,26958323.6100,1.213261,1.394172,1,0
2018-08-15,sz.000032,7.9000,8.0000,7.6200,7.6700,8.0000,2962495,23055149.0300,1.060171,-4.124999,1,0
2018-08-16,sz.000032,7.4600,7.8000,7.4100,7.7400,7.6700,2538221,19518980.8800,0.908339,0.912643,1,0
2018-08-17,sz.000032,7.8800,7.9100,7.5100,7.5700,7.7400,2113200,16341631.7000,0.756239,-2.196377,1,0
2018-08-20,sz.000032,7.5800,7.7800,7.4400,7.7700,7.5700,1751544,13389331.4000,0.626815,2.642005,1,0
2018-08-21,sz.000032,7.7100,8.1700,7.7000,7.9300,7.7700,3573441,28435721.2100,1.278807,2.059200,1,0
2018-08-22,sz.000032,7.8800,8.1200,7.8400,8.0000,7.9300,3209976,25704021.8600,1.148736,0.882726,1,0
2018-08-23,sz.000032,7.9700,8.0700,7.8500,8.0700,8.0000,2929498,23379001.4900,1.048363,0.874996,1,0
2018-08-24,sz.000032,8.0600,8.1000,7.9000,7.9600,8.0700,2115630,16872684.3900,0.757104,-1.363069,1,0
2018-08-27,sz.000032,7.9200,8.1100,7.9100,8.1100,7.9600,3072585,24703279.2300,1.099562,1.884417,1,0
2018-08-28,sz.000032,8.0900,8.2000,7.9900,8.0200,8.1100,2877603,23215617.9500,1.029785,-1.109731,1,0
2018-08-29,sz.000032,7.9800,8.0500,7.8100,7.9000,8.0200,2880058,22730671.6600,1.030664,-1.496264,1,0
2018-08-30,sz.000032,7.9200,7.9300,7.7900,7.8300,7.9000,1945516,15274755.9200,0.696227,-0.886078,1,0
2018-08-31,sz.000032,7.8300,7.8500,7.5800,7.5800,7.8300,1838986,14193418.9900,0.658104,-3.192848,1,0
2018-09-03,sz.000032,7.6000,7.6900,7.4600,7.6500,7.5800,1773808,13453443.4900,0.634779,0.923485,1,0
2018-09-04,sz.000032,7.6800,7.8100,7.5800,7.7700,7.6500,1526940,11781799.2000,0.546434,1.568626,1,0
2018-09-05,sz.000032,7.7700,7.7800,7.5300,7.5300,7.7700,1508647,11590660.1100,0.539888,-3.088800,1,0
2018-09-06,sz.000032,7.5300,7.7700,7.5200,7.6800,7.5300,1882072,14455078.7300,0.673522,1.992027,1,0
2018-09-07,sz.000032,7.6500,7.8200,7.6300,7.6600,7.6800,1866309,14410558.4600,0.667881,-0.260416,1,0
2018-09-10,sz.000032,7.6200,7.6200,7.3400,7.3800,7.6600,2114088,15848199.2100,0.756552,-3.655349,1,0
2018-09-11,sz.000032,7.3800,7.5400,7.3700,7.5000,7.3800,1359486,10140030.1800,0.486509,1.626015,1,0
2018-09-12,sz.000032,7.5000,7.5600,7.4100,7.4500,7.5000,1377693,10308425.0600,0.493024,-0.666669,1,0
2018-09-13,sz.000032,7.5100,7.5500,7.4100,7.5000,7.4500,1391428,10418004.1500,0.497939,0.671144,1,0
2018-09-14,sz.000032,7.5400,7.6200,7.4700,7.5100,7.5000,1568101,11845226.9100,0.561164,0.133336,1,0
2018-09-17,sz.000032,7.5200,7.5200,7.3000,7.3500,7.5100,1347160,9937475.4000,0.482098,-2.130497,1,0
2018-09-18,sz.000032,7.3900,7.5000,7.3000,7.4800,7.3500,1447454,10727440.5000,0.517989,1.768709,1,0
2018-09-19,sz.000032,7.4500,7.7500,7.4400,7.6500,7.4800,2376974,18112214.9400,0.850629,2.272728,1,0
2018-09-20,sz.000032,7.7600,8.0700,7.7500,7.8400,7.6500,5709382,45084609.4400,2.043172,2.483661,1,0
2018-09-21,sz.000032,7.7600,7.8500,7.6900,7.8200,7.8400,2734601,21293090.7100,0.978610,-0.255102,1,0
2018-09-25,sz.000032,7.8000,7.8600,7.6600,7.7200,7.8200,1891329,14651966.5400,0.676835,-1.278777,1,0
2018-09-26,sz.000032,7.7400,7.8000,7.6700,7.7400,7.7200,1863695,14425240.8100,0.666946,0.259067,1,0
2018-09-27,sz.000032,7.6600,7.7500,7.5400,7.5600,7.7400,1518727,11613029.4700,0.543495,-2.325579,1,0
2018-09-28,sz.000032,7.5500,7.7000,7.5400,7.6400,7.5600,1285492,9826158.2200,0.460029,1.058200,1,0
2018-10-08,sz.000032,7.4500,7.5400,7.3200,7.3400,7.6400,1607626,11956707.3700,0.575309,-3.926698,1,0
2018-10-09,sz.000032,7.3700,7.4500,7.3100,7.3500,7.3400,965168,7114191.8200,0.345397,0.136236,1,0
2018-10-10,sz.000032,7.3400,7.4400,7.2500,7.3700,7.3500,873456,6417820.8600,0.312577,0.272109,1,0
2018-10-11,sz.000032,7.1900,7.1900,6.6300,6.7200,7.3700,3267422,22205736.1300,1.169287,-8.819540,1,0
2018-10-12,sz.000032,6.6000,6.6000,6.2100,6.4800,6.7200,1994369,12781376.6500,0.713709,-3.571425,1,0
2018-10-15,sz.000032,6.5000,6.7900,6.3800,6.4600,6.4800,1898726,12557212.2400,0.679482,-0.308642,1,0
2018-10-16,sz.000032,6.4700,6.5800,6.3000,6.3400,6.4600,1336596,8610854.1400,0.478317,-1.857583,1,0
2018-10-17,sz.000032,6.4200,6.5300,6.3000,6.5100,6.3400,1369162,8821822.8800,0.489971,2.681389,1,0
2018-10-18,sz.000032,6.4800,6.7600,6.3300,6.4100,6.5100,1533686,9961643.7000,0.548848,-1.536104,1,0
2018-10-19,sz.000032,6.3000,6.5700,6.1100,6.5300,6.4100,1916133,12194800.7500,0.685712,1.872081,1,0
2018-10-22,sz.000032,6.5500,6.9100,6.5400,6.7800,6.5300,2521340,17018546.6200,0.902292,3.828484,1,0
2018-10-23,sz.000032,6.7900,6.9000,6.5200,6.6400,6.7800,2066610,13943488.3000,0.739562,-2.064902,1,0
2018-10-24,sz.000032,6.6000,6.7600,6.5400,6.7200,6.6400,1539200,10257376.8000,0.550821,1.204818,1,0
2018-10-25,sz.000032,6.5000,6.6500,6.4000,6.6100,6.7200,1332200,8665972.6800,0.476744,-1.636900,1,0
2018-10-26,sz.000032,6.6200,6.7500,6.6200,6.6700,6.6100,1362132,9107290.4200,0.487456,0.907715,1,0
2018-10-29,sz.000032,6.6800,6.6800,6.4400,6.5000,6.6700,1239720,8124674.8000,0.443649,-2.548727,1,0
2018-10-30,sz.000032,6.4900,6.6300,6.4300,6.5900,6.5000,1174800,7673642.6000,0.420416,1.384618,1,0
2018-10-31,sz.000032,6.5800,6.7300,6.5700,6.7000,6.5900,1414621,9447922.9000,0.506239,1.669190,1,0
2018-11-01,sz.000032,6.7600,6.8500,6.7000,6.7100,6.7000,1650596,11198826.6200,0.590686,0.149257,1,0
2018-11-02,sz.000032,6.7900,6.9300,6.7000,6.9200,6.7100,2221583,15207221.8800,0.795021,3.129658,1,0
2018-11-05,sz.000032,6.8700,6.9800,6.8000,6.9600,6.9200,2226600,15367619.2000,0.796816,0.578034,1,0
2018-11-06,sz.000032,6.9100,6.9800,6.8200,6.9800,6.9600,1559371,10762122.5200,0.558040,0.287356,1,0
2018-11-07,sz.000032,6.9600,7.0500,6.8300,6.8600,6.9800,2076821,14403415.1900,0.743216,-1.719196,1,0
2018-11-08,sz.000032,6.8800,7.0500,6.8300,7.0500,6.8600,3134566,21814966.5700,1.121743,2.769680,1,0
2018-11-09,sz.000032,7.0100,7.0200,6.8100,6.8400,7.0500,2258720,15611940.6800,0.808310,-2.978724,1,0
2018-11-12,sz.000032,6.8000,7.0700,6.8000,7.0600,6.8400,2888001,20202722.4600,1.033506,3.216371,1,0
2018-11-13,sz.000032,7.0100,7.3600,6.9600,7.2100,7.0600,4411233,31534898.7700,1.578613,2.124647,1,0
2018-11-14,sz.000032,7.1500,7.2800,7.0900,7.1500,7.2100,3224000,23158539.4000,1.153748,-0.832177,1,0
2018-11-15,sz.000032,7.3900,7.8700,7.3000,7.5200,7.1500,7562655,57099893.5300,2.706388,5.174823,1,0
2018-11-16,sz.000032,7.5700,8.1000,7.4000,7.9000,7.5200,9775225,75632998.6900,3.498183,5.053193,1,0
2018-11-19,sz.000032,7.7500,8.4500,7.6600,8.1000,7.9000,10342057,83238339.2700,3.701031,2.531649,1,0
2018-11-20,sz.000032,7.9300,7.9600,7.5600,7.5600,8.1000,5846104,45473344.7600,2.092100,-6.666671,1,0
2018-11-21,sz.000032,7.4900,7.7400,7.4800,7.7000,7.5600,3261390,24828850.6300,1.167128,1.851850,1,0
2018-11-22,sz.000032,7.7300,7.7300,7.5200,7.5500,7.7000,2992441,22776819.6600,1.070881,-1.948047,1,0
2018-11-23,sz.000032,7.6000,7.6000,7.1300,7.1400,7.5500,3632645,26494201.3500,1.299986,-5.430468,1,0
2018-11-26,sz.000032,7.1600,7.3000,7.1300,7.1900,7.1400,2044509,14721528.0600,0.731652,0.700283,1,0
2018-11-27,sz.000032,7.2500,7.3800,7.2300,7.3400,7.1900,2335504,17043022.3600,0.835789,2.086232,1,0
2018-11-28,sz.000032,7.3500,7.4800,7.1100,7.4800,7.3400,3352808,24628502.7400,1.199843,1.907355,1,0
2018-11-29,sz.000032,7.5300,7.5700,7.1500,7.1600,7.4800,3749301,27767137.2400,1.341733,-4.278077,1,0
2018-11-30,sz.000032,7.1600,7.3700,6.8800,7.2900,7.1600,3422240,24311948.7000,1.224690,1.815644,1,0
2018-12-03,sz.000032,7.4300,7.6300,7.3800,7.5100,7.2900,4337438,32466031.4000,1.552205,3.017836,1,0
2018-12-04,sz.000032,7.5100,7.5600,7.4000,7.5400,7.5100,3017820,22594610.3400,1.079964,0.399464,1,0
2018-12-05,sz.000032,7.3600,7.5400,7.2800,7.4700,7.5400,2251120,16748903.2000,0.805591,-0.928384,1,0
2018-12-06,sz.000032,7.4400,7.5700,7.3100,7.4000,7.4700,2345240,17418257.6000,0.839273,-0.937078,1,0
2018-12-07,sz.000032,7.4000,7.6100,7.3600,7.6000,7.4000,3556363,26726098.5000,1.272688,2.702700,1,0
2018-12-10,sz.000032,7.5400,7.8900,7.4700,7.7700,7.6000,6487863,50141086.8700,2.321761,2.236843,1,0
2018-12-11,sz.000032,7.7700,8.1200,7.7000,8.0900,7.7700,8079075,64169987.9800,2.891195,4.118406,1,0
2018-12-12,sz.000032,7.9300,8.1000,7.7700,7.8600,8.0900,6170666,48645107.3600,2.208248,-2.843016,1,0
2018-12-13,sz.000032,7.8500,7.8600,7.6700,7.8300,7.8600,3751628,29176231.9200,1.342566,-0.381682,1,0
2018-12-14,sz.000032,7.7800,7.8000,7.4000,7.4000,7.8300,3819457,28973360.7700,1.366839,-5.491696,1,0
2018-12-17,sz.000032,7.3300,7.4300,7.2400,7.3800,7.4000,2024480,14861248.6000,0.724485,-0.270270,1,0
2018-12-18,sz.000032,7.3000,7.3900,7.1600,7.2500,7.3800,1808267,13116478.5400,0.647110,-1.761519,1,0
2018-12-19,sz.000032,7.2700,7.3600,7.2000,7.2400,7.2500,1528100,11127370.0000,0.546849,-0.137934,1,0
2018-12-20,sz.000032,7.2000,7.3300,7.1200,7.2100,7.2400,1771275,12794757.2500,0.633872,-0.414361,1,0
2018-12-21,sz.000032,7.2200,7.2400,7.0600,7.1300,7.2100,1677238,11993043.0600,0.600220,-1.109569,1,0
2018-12-24,sz.000032,7.1400,7.3100,7.1100,7.3100,7.1300,1313440,9534575.6000,0.470031,2.524542,1,0
2018-12-25,sz.000032,7.3100,7.3100,7.0000,7.1400,7.3100,2304017,16429387.3700,0.824521,-2.325583,1,0
2018-12-26,sz.000032,7.1400,7.2300,7.0800,7.1500,7.1400,1505605,10746951.7000,0.538799,0.140059,1,0
2018-12-27,sz.000032,7.2200,7.3000,6.9800,6.9900,7.1500,2323642,16490685.2500,0.831544,-2.237767,1,0
2018-12-28,sz.000032,6.8900,7.1400,6.8900,7.0200,6.9900,1757748,12409119.5600,0.629032,0.429188,1,0
2019-01-02,sz.000032,7.1600,7.2600,7.0200,7.2200,7.0200,2178000,15645687.3200,0.529562,2.849000,1,0
2019-01-03,sz.000032,7.2000,7.3100,7.1500,7.1800,7.2200,1785923,12879681.8400,0.434231,-0.554016,1,0
2019-01-04,sz.000032,7.1200,7.4300,7.0600,7.4300,7.1800,2898138,21227354.3800,0.704657,3.481894,1,0
2019-01-07,sz.000032,7.4000,7.6300,7.4000,7.5700,7.4300,2929984,22127153.6000,0.712400,1.884258,1,0
2019-01-08,sz.000032,7.5900,7.7300,7.4700,7.5900,7.5700,2852880,21661934.6000,0.693653,0.264201,1,0
2019-01-09,sz.000032,7.6100,7.7200,7.5300,7.6300,7.5900,3396556,25966497.3200,0.825843,0.527009,1,0
2019-01-10,sz.000032,7.6300,7.7600,7.4800,7.6400,7.6300,2865113,21950913.7900,0.696627,0.131058,1,0
2019-01-11,sz.000032,7.6600,7.9900,7.6500,7.8200,7.6400,4284057,33556730.8000,1.041631,2.356025,1,0
2019-01-14,sz.000032,7.8100,7.9200,7.6800,7.6900,7.8200,2821498,22006100.1200,0.686022,-1.662406,1,0
2019-01-15,sz.000032,7.7600,8.0200,7.7600,7.9200,7.6900,4524540,35914518.0000,1.100102,2.990898,1,0
2019-01-16,sz.000032,7.9200,8.7100,7.8600,8.3900,7.9200,11939696,99636662.4400,2.903032,5.934347,1,0
2019-01-17,sz.000032,8.2500,8.3200,7.9800,7.9900,8.3900,8629134,70180863.9700,2.098098,-4.767587,1,0
2019-01-18,sz.000032,7.9600,8.0400,7.6400,7.6700,7.9900,7512318,58515328.1000,1.826554,-4.005002,1,0
2019-01-21,sz.000032,7.6500,7.8300,7.6500,7.7000,7.6700,3743800,28998046.8000,0.910272,0.391131,1,0
2019-01-22,sz.000032,7.6500,7.7400,7.5500,7.5800,7.7000,2817126,21506380.6600,0.684959,-1.558440,1,0
2019-01-23,sz.000032,7.5600,7.6200,7.4900,7.5800,7.5800,2240541,16920336.4500,0.544768,0.000000,1,0
2019-01-24,sz.000032,7.5700,7.6200,7.4100,7.5600,7.5800,2933096,22088241.7600,0.713156,-0.263852,1,0
2019-01-25,sz.000032,7.5300,7.5900,7.4300,7.4600,7.5600,2705949,20373324.4800,0.657928,-1.322750,1,0
2019-01-28,sz.000032,7.5300,7.7400,7.5100,7.5500,7.4600,3483378,26554369.0800,0.846953,1.206436,1,0
2019-01-29,sz.000032,7.5300,7.5400,7.2000,7.4000,7.5500,3014199,22150703.0100,0.732876,-1.986756,1,0
2019-01-30,sz.000032,7.3800,7.5400,7.3500,7.4300,7.4000,2083787,15586311.4900,0.506654,0.405402,1,0
2019-01-31,sz.000032,7.4300,7.7500,7.4300,7.6900,7.4300,4358642,33247240.3200,1.059765,3.499330,1,0
2019-02-01,sz.000032,7.6800,7.9500,7.6100,7.8900,7.6900,4420021,34391246.3900,1.074689,2.600778,1,0
2019-02-11,sz.000032,7.9300,7.9800,7.7900,7.9800,7.8900,4251728,33613213.1800,1.033770,1.140686,1,0
2019-02-12,sz.000032,7.9700,8.3800,7.8600,8.2100,7.9800,6882573,55815582.3600,1.673437,2.882206,1,0
2019-02-13,sz.000032,8.4400,8.5600,8.2500,8.4300,8.2100,11625907,97470652.7500,2.826737,2.679662,1,0
2019-02-14,sz.000032,8.3100,8.3800,8.1500,8.2300,8.4300,7416791,61077273.5100,1.803327,-2.372488,1,0
2019-02-15,sz.000032,8.3200,8.4400,8.1600,8.1700,8.2300,6140291,50974886.9200,1.492958,-0.729034,1,0
2019-02-18,sz.000032,8.3200,8.4900,8.1700,8.4400,8.1700,8445388,70402121.8500,2.053422,3.304768,1,0
2019-02-19,sz.000032,8.6000,8.6400,8.2000,8.3600,8.4400,8563015,72201597.1800,2.082022,-0.947866,1,0
2019-02-20,sz.000032,8.3600,8.3600,8.0800,8.2200,8.3600,5551028,45453074.3600,1.349684,-1.674634,1,0
2019-02-21,sz.000032,8.2000,8.6000,8.1400,8.3300,8.2200,8994306,75622385.4700,2.186886,1.338195,1,0
2019-02-22,sz.000032,8.3300,9.1400,8.3000,8.9400,8.3300,14988344,132086265.9800,3.644284,7.322926,1,0
2019-02-25,sz.000032,8.8700,9.3900,8.8200,9.2600,8.9400,14520475,132095586.1400,3.530526,3.579426,1,0
2019-02-26,sz.000032,9.1100,9.1300,8.8400,8.8400,9.2600,11087457,99497602.2500,2.695818,-4.535638,1,0
2019-02-27,sz.000032,8.7800,9.0100,8.7500,8.8700,8.8400,6607891,58707699.1900,1.606651,0.339363,1,0
2019-02-28,sz.000032,8.8300,8.9800,8.7900,8.9200,8.8700,4188647,37195212.4900,1.018433,0.563700,1,0
2019-03-01,sz.000032,8.9400,8.9900,8.7600,8.9200,8.9200,3285279,29138315.9600,0.798787,0.000000,1,0
2019-03-04,sz.000032,8.9500,9.1700,8.9200,8.9400,8.9200,8169381,73887315.0700,1.986313,0.224210,1,0
2019-03-05,sz.000032,8.9500,9.4000,8.8300,9.3900,8.9400,10750314,98901200.3200,2.613844,5.033566,1,0
2019-03-06,sz.000032,9.3000,9.5000,9.1800,9.3800,9.3900,9275847,86396899.5500,2.255341,-0.106499,1,0
2019-03-07,sz.000032,9.4200,9.7800,9.3300,9.5000,9.3800,9971997,94875484.7000,2.424603,1.279316,1,0
2019-03-08,sz.000032,9.2500,9.7800,9.1300,9.2600,9.5000,11495940,108855174.3500,2.795137,-2.526314,1,0
2019-03-11,sz.000032,9.2700,9.7900,9.2700,9.7900,9.2600,7794151,74682032.9400,1.895079,5.723539,1,0
2019-03-12,sz.000032,9.8100,10.3900,9.7000,10.3200,9.7900,13784846,139447258.2200,3.351664,5.413685,1,0
2019-03-13,sz.000032,10.3000,10.3000,9.5700,9.7500,10.3200,7918019,79124831.9000,1.925197,-5.523253,1,0
2019-03-14,sz.000032,9.7000,9.9500,9.3400,9.6100,9.7500,5615154,53958388.6600,1.365275,-1.435901,1,0
2019-03-15,sz.000032,9.6100,10.2000,9.6100,9.8600,9.6100,6218538,61453168.2300,1.511983,2.601457,1,0
2019-03-18,sz.000032,9.9200,10.0400,9.6400,10.0400,9.8600,4463209,43951043.5900,1.085190,1.825561,1,0
2019-03-19,sz.000032,10.0400,10.0600,9.7800,9.9100,10.0400,3908161,38775676.2000,0.950235,-1.294822,1,0
2019-03-20,sz.000032,9.9600,9.9600,9.5500,9.7000,9.9100,3876146,37619860.0300,0.942451,-2.119072,1,0
2019-03-21,sz.000032,9.7300,10.6700,9.6400,10.3000,9.7000,13235476,138255631.4700,3.218089,6.185571,1,0
2019-03-22,sz.000032,10.1800,10.2000,9.8000,10.1200,10.3000,8764718,87648242.0900,2.131064,-1.747576,1,0
2019-03-25,sz.000032,9.8100,10.9900,9.8000,10.4200,10.1200,14035568,147153049.5900,3.412625,2.964429,1,0
2019-03-26,sz.000032,10.5000,10.8100,10.1100,10.3500,10.4200,11806911,123410529.3600,2.870746,-0.671782,1,0
2019-03-27,sz.000032,10.4800,10.5500,9.9000,10.1300,10.3500,7168880,72517268.1900,1.743050,-2.125606,1,0
2019-03-28,sz.000032,10.0200,10.3900,9.8200,9.9100,10.1300,6782704,68304778.1000,1.649155,-2.171770,1,0
2019-03-29,sz.000032,9.8700,10.1900,9.6000,10.1300,9.9100,7207652,71471090.3700,1.752477,2.219983,1,0
2019-04-01,sz.000032,10.2300,10.5600,10.1200,10.5300,10.1300,8528818,88345125.4300,2.073707,3.948663,1,0
2019-04-02,sz.000032,10.5900,10.6000,10.3100,10.4000,10.5300,6769043,70618710.2700,1.645833,-1.234569,1,0
2019-04-03,sz.000032,10.3600,10.5400,10.2700,10.5200,10.4000,4829506,50263808.3700,1.174252,1.153854,1,0
2019-04-04,sz.000032,10.5100,10.5900,10.3300,10.4500,10.5200,5109377,53381425.1900,1.242300,-0.665405,1,0
2019-04-08,sz.000032,10.4600,10.4800,10.0500,10.1400,10.4500,4449580,45531284.4000,1.081876,-2.966502,1,0
2019-04-09,sz.000032,10.1300,10.3200,10.0800,10.2000,10.1400,2967902,30368411.3200,0.721619,0.591711,1,0
2019-04-10,sz.000032,10.2000,10.2200,9.9100,10.0800,10.2000,3917139,39329718.6200,0.952418,-1.176469,1,0
2019-04-11,sz.000032,10.1000,10.1400,9.7700,9.7700,10.0800,3281280,32587041.4400,0.797814,-3.075392,1,0
2019-04-12,sz.000032,9.8000,9.9200,9.7700,9.8100,9.7700,2685649,26433177.2800,0.652992,0.409416,1,0
2019-04-15,sz.000032,9.9300,10.1400,9.7700,9.7900,9.8100,3594582,35870996.1500,0.873991,-0.203878,1,0
2019-04-16,sz.000032,9.7900,10.0800,9.6200,10.0800,9.7900,3577460,35333664.4900,0.869828,2.962206,1,0
2019-04-17,sz.000032,10.0000,10.3300,9.9900,10.1200,10.0800,4262293,43295388.7800,1.036339,0.396825,1,0
2019-04-18,sz.000032,10.0100,10.2300,9.9500,10.1000,10.1200,3392051,34270564.4700,0.824747,-0.197624,1,0
2019-04-19,sz.000032,10.2300,10.2300,9.9200,10.1000,10.1000,2642156,26546337.5500,0.642417,0.000000,1,0
2019-04-22,sz.000032,10.1100,10.2500,9.9700,10.1800,10.1000,4828333,48889053.9600,1.173967,0.792078,1,0
2019-04-23,sz.000032,10.1100,10.1200,9.6500,9.6600,10.1800,5012228,49064549.2300,1.218679,-5.108059,1,0
2019-04-24,sz.000032,9.7400,9.7700,9.3600,9.6100,9.6600,3407920,32634475.6000,0.828606,-0.517600,1,0
2019-04-25,sz.000032,9.4600,9.6600,9.1600,9.1600,9.6100,3689160,34920317.0000,0.896987,-4.682621,1,0
2019-04-26,sz.000032,9.1200,9.5000,9.1100,9.3500,9.1600,3413490,31841822.0500,0.829960,2.074242,1,0
2019-04-29,sz.000032,9.3500,9.4300,8.9500,8.9700,9.3500,3444311,31403912.0500,0.837454,-4.064172,1,0
2019-04-30,sz.000032,9.0200,9.2100,8.9900,9.0800,8.9700,1650845,15034245.6200,0.401388,1.226306,1,0
2019-05-06,sz.000032,8.7500,8.8500,8.1700,8.2500,9.0800,3676523,31295880.8100,0.893914,-9.140968,1,0
2019-05-07,sz.000032,8.4000,8.4900,8.2900,8.4300,8.2500,2020163,16923808.9900,0.491185,2.181822,1,0
2019-05-08,sz.000032,8.2700,8.6200,8.2200,8.4900,8.4300,1960920,16638008.0000,0.476780,0.711738,1,0
2019-05-09,sz.000032,8.5000,8.6000,8.4000,8.5200,8.4900,1897521,16190826.7400,0.461366,0.353365,1,0
2019-05-10,sz.000032,8.6000,8.8000,8.4100,8.7700,8.5200,3019776,26188255.4100,0.734232,2.934272,1,0
2019-05-13,sz.000032,8.6600,8.7400,8.6000,8.7100,8.7700,2282732,19793991.0700,0.555026,-0.684155,1,0
2019-05-14,sz.000032,8.5800,8.6800,8.5200,8.5500,8.7100,2068100,17785059.0000,0.502840,-1.836967,1,0
2019-05-15,sz.000032,8.5800,8.7600,8.5800,8.7400,8.5500,2471884,21492312.7400,0.601017,2.222217,1,0
2019-05-16,sz.000032,8.7000,8.8400,8.6500,8.8300,8.7400,2192339,19194666.0800,0.533048,1.029750,1,0
2019-05-17,sz.000032,8.8300,8.8800,8.4400,8.5700,8.8300,2458222,21255839.9300,0.597695,-2.944510,1,0
2019-05-20,sz.000032,8.5100,8.8000,8.2600,8.7000,8.5700,2561189,21792979.4000,0.622731,1.516921,1,0
2019-05-21,sz.000032,8.6100,8.8600,8.5200,8.8600,8.7000,2864082,25093547.9200,0.696376,1.839079,1,0
2019-05-22,sz.000032,8.8700,8.9300,8.6800,8.7500,8.8600,2268507,19936383.5900,0.551567,-1.241531,1,0
2019-05-23,sz.000032,8.7600,8.9600,8.6000,8.7500,8.7500,2920765,25739708.3900,0.710158,0.000000,1,0
2019-05-24,sz.000032,8.6700,8.7300,8.4000,8.5500,8.7500,2131430,18223477.5200,0.518238,-2.285712,1,0
2019-05-27,sz.000032,8.4500,8.9000,8.4500,8.9000,8.5500,2860240,25119658.9100,0.695442,4.093561,1,0
2019-05-28,sz.000032,8.9300,8.9500,8.8100,8.8600,8.9000,1914425,16987202.5100,0.465476,-0.449438,1,0
2019-05-29,sz.000032,8.8000,8.9700,8.7700,8.8600,8.8600,2211546,19682024.2700,0.537718,0.000000,1,0
2019-05-30,sz.000032,8.8200,8.9000,8.7300,8.8800,8.8600,1831369,16113912.4200,0.445281,0.225739,1,0
2019-05-31,sz.000032,8.9600,9.2400,8.8600,9.0900,8.8800,3697118,33556932.8100,0.898922,2.364865,1,0
2019-06-03,sz.000032,9.0400,9.2000,8.8600,9.0000,9.0900,2696553,24325573.2300,0.655643,-0.990101,1,0
2019-06-04,sz.000032,8.9700,9.0800,8.8300,9.0000,8.9200,1924483,17273236.8500,0.467921,0.896860,1,0
2019-06-05,sz.000032,9.0000,9.0800,8.9000,9.0800,9.0000,2035949,18304028.9000,0.495023,0.888888,1,0
2019-06-06,sz.000032,9.0800,9.3300,8.9200,9.1500,9.0800,4030659,36866934.9900,0.980019,0.770922,1,0
2019-06-10,sz.000032,9.2900,9.3200,9.0800,9.3200,9.1500,2991848,27552706.8900,0.727441,1.857924,1,0
2019-06-11,sz.000032,9.2600,9.7500,9.2100,9.7200,9.3200,5392608,51522538.9900,1.311165,4.291852,1,0
2019-06-12,sz.000032,9.6200,9.6900,9.4600,9.5000,9.7200,3643171,34736671.9700,0.885805,-2.263377,1,0
2019-06-13,sz.000032,9.4700,9.5800,9.3800,9.5600,9.5000,2306003,21949967.2200,0.560684,0.631583,1,0
2019-06-14,sz.000032,9.5600,9.5900,9.1200,9.3100,9.5600,2979902,27829026.5200,0.724537,-2.615063,1,0
2019-06-17,sz.000032,9.1100,9.4300,9.1100,9.2200,9.3100,1518321,14090553.6000,0.369166,-0.966704,1,0
2019-06-18,sz.000032,9.2200,9.4000,9.2100,9.3000,9.2200,1939252,18097499.1600,0.471512,0.867678,1,0
2019-06-19,sz.000032,9.4500,9.7300,9.4200,9.5200,9.3000,3712840,35610163.8100,0.902744,2.365594,1,0
2019-06-20,sz.000032,9.5700,9.6900,9.4200,9.5900,9.5200,2712538,25970388.9100,0.659530,0.735291,1,0
2019-06-21,sz.000032,9.6100,9.8400,9.5300,9.8400,9.5900,4346792,42414731.9000,1.056884,2.606882,1,0
2019-06-24,sz.000032,9.8600,9.8600,9.6300,9.7300,9.8400,2355037,22926565.5300,0.572607,-1.117892,1,0
2019-06-25,sz.000032,9.7300,9.7800,9.3500,9.7500,9.7300,2489238,23812708.5400,0.605236,0.205555,1,0
2019-06-26,sz.000032,9.4800,9.6800,9.4700,9.5300,9.7500,2164069,20685120.1100,0.526174,-2.256413,1,0
2019-06-27,sz.000032,9.5300,9.6800,9.4400,9.5900,9.5300,2381990,22824149.7000,0.579160,0.629595,1,0
2019-06-28,sz.000032,9.5600,9.9600,9.5000,9.9300,9.5900,5388801,52958814.0500,1.310240,3.545361,1,0
2019-07-01,sz.000032,10.0400,10.3600,10.0200,10.1300,9.9300,6806752,69544274.3100,1.655002,2.014097,1,0
2019-07-02,sz.000032,10.0500,10.3500,10.0200,10.3300,10.1300,4689375,47999464.6300,1.140180,1.974332,1,0
2019-07-03,sz.000032,10.3000,10.3000,10.0000,10.0300,10.3300,3642615,36850510.5400,0.885670,-2.904164,1,0
2019-07-04,sz.000032,10.0300,10.3500,10.0300,10.1900,10.0300,2983750,30386724.9000,0.725473,1.595213,1,0
2019-07-05,sz.000032,10.1900,10.6200,10.1100,10.4500,10.1900,6342605,66252051.6400,1.542149,2.551523,1,0
2019-07-08,sz.000032,10.4400,10.4500,9.7800,9.9500,10.4500,5199981,52211348.5700,1.264330,-4.784689,1,0
2019-07-09,sz.000032,10.0200,10.0800,9.6900,9.8900,9.9500,2652342,26207746.8700,0.644894,-0.603010,1,0
2019-07-10,sz.000032,9.9300,10.0400,9.7400,10.0200,9.8900,2173160,21619912.3500,0.528385,1.314460,1,0
2019-07-11,sz.000032,10.0000,10.0000,9.5600,9.5800,10.0200,3719186,36168196.1900,0.904287,-4.391223,1,0
2019-07-12,sz.000032,9.6000,9.6600,9.4500,9.5300,9.5800,1687510,16153827.7100,0.410303,-0.521923,1,0
2019-07-15,sz.000032,9.5300,9.8700,9.2100,9.8600,9.5300,3288027,31565641.5900,0.799455,3.462749,1,0
2019-07-16,sz.000032,9.7200,9.8500,9.6100,9.7000,9.8600,1771761,17216743.1000,0.430788,-1.622717,1,0
2019-07-17,sz.000032,9.7000,9.7800,9.6200,9.7000,9.7000,905741,8772501.6100,0.220223,0.000000,1,0
2019-07-18,sz.000032,9.6700,9.7000,9.3100,9.4000,9.7000,2114480,20008204.4000,0.514117,-3.092786,1,0
2019-07-19,sz.000032,9.5100,9.6100,9.4200,9.6000,9.4000,1729983,16463858.8100,0.420630,2.127668,1,0
2019-07-22,sz.000032,9.5800,9.5800,8.9900,9.0300,9.6000,2618961,24076709.4200,0.636777,-5.937507,1,0
2019-07-23,sz.000032,9.0600,9.4600,9.0600,9.4100,9.0300,1914253,17790152.1700,0.465434,4.208196,1,0
2019-07-24,sz.000032,9.4700,9.5900,9.4000,9.4900,9.4100,1617600,15401764.0000,0.393305,0.850159,1,0
2019-07-25,sz.000032,9.4900,9.6000,9.4700,9.5600,9.4900,1265835,12075625.0000,0.307777,0.737625,1,0
2019-07-26,sz.000032,9.5700,9.5700,9.4400,9.5400,9.5600,1005620,9549524.6000,0.244500,-0.209200,1,0
2019-07-29,sz.000032,9.6100,9.6100,9.3100,9.5600,9.5400,1003600,9558604.2000,0.244017,0.209648,1,0
2019-07-30,sz.000032,9.5500,9.6600,9.4400,9.5300,9.5600,1197976,11467490.0500,0.291300,-0.313800,1,0
2019-07-31,sz.000032,9.5300,9.5800,9.3500,9.4700,9.5300,1343620,12676465.6000,0.326700,-0.629600,1,0
2019-08-01,sz.000032,9.4100,9.5900,9.4100,9.4900,9.4700,1392900,13195887.7500,0.338700,0.211200,1,0
2019-08-02,sz.000032,9.3500,9.3900,9.1500,9.2500,9.4900,1844388,17072277.9400,0.448400,-2.529000,1,0
2019-08-05,sz.000032,9.1500,9.3400,9.1200,9.1600,9.2500,1234592,11381210.6300,0.300200,-0.973000,1,0
2019-08-06,sz.000032,8.9300,8.9400,8.4900,8.7500,9.1600,2762674,24066478.2200,0.671700,-4.476000,1,0
2019-08-07,sz.000032,8.7600,9.0700,8.7600,8.9500,8.7500,1744882,15558630.6800,0.424300,2.285700,1,0
2019-08-08,sz.000032,8.9500,9.1200,8.9300,9.0700,8.9500,1191801,10791422.0700,0.289800,1.340800,1,0
2019-08-09,sz.000032,9.0500,9.1500,8.8300,8.9500,9.0700,1169075,10503716.1000,0.284300,-1.323000,1,0
2019-08-12,sz.000032,8.8100,9.1500,8.8100,9.1100,8.9500,946800,8524190.4000,0.230200,1.787700,1,0
2019-08-13,sz.000032,9.0800,9.1300,8.9500,9.0400,9.1100,1016500,9193984.9000,0.247200,-0.768400,1,0
2019-08-14,sz.000032,9.1100,9.2300,9.0100,9.0800,9.0400,1020160,9320410.2000,0.248000,0.442500,1,0
2019-08-15,sz.000032,8.9600,9.1800,8.8400,9.1500,9.0800,1266244,11412744.9400,0.307900,0.770900,1,0
2019-08-16,sz.000032,9.1000,9.2000,9.0800,9.1200,9.1500,1580521,14436397.5500,0.384300,-0.327900,1,0
2019-08-19,sz.000032,9.9000,10.0300,9.5300,9.8200,9.1200,7299901,71296295.9900,1.774900,7.675400,1,0
2019-08-20,sz.000032,9.7500,10.8000,9.6100,10.8000,9.8200,12687315,132448396.9600,3.084800,9.979600,1,0
2019-08-21,sz.000032,11.0800,11.3800,10.4300,10.7000,10.8000,21170466,229299443.7500,5.147400,-0.925900,1,0
2019-08-22,sz.000032,10.6000,11.0600,10.5600,10.7000,10.7000,12116892,130289119.2100,2.946100,0.000000,1,0
2019-08-23,sz.000032,10.6500,10.7500,10.2200,10.3000,10.7000,10856264,112977197.5700,2.639600,-3.738300,1,0
2019-08-26,sz.000032,10.1600,10.6200,9.9100,10.3800,10.3000,9831511,100850898.0300,2.390400,0.776700,1,0
2019-08-27,sz.000032,10.5000,10.6600,10.3500,10.5900,10.3800,8425131,88842686.7800,2.048500,2.023100,1,0
2019-08-28,sz.000032,10.4600,10.5900,10.2700,10.4000,10.5900,4320689,44955982.4300,1.050500,-1.794200,1,0
2019-08-29,sz.000032,10.3500,11.3600,10.3300,10.8500,10.4000,14570395,159458279.7200,3.542700,4.326900,1,0
2019-08-30,sz.000032,10.7600,10.9600,10.2100,10.2300,10.8500,11649463,123593425.4400,2.832500,-5.714300,1,0
2019-09-02,sz.000032,10.1800,11.2500,10.0300,11.2500,10.2300,10597895,113332687.9700,2.576800,9.970700,1,0
2019-09-03,sz.000032,11.9800,12.3800,11.9800,12.3800,11.2500,7131227,87792585.1000,1.733900,10.044400,1,0
2019-09-04,sz.000032,13.4000,13.6200,13.0100,13.6200,12.3800,25036557,338473172.5300,6.087400,10.016200,1,0
2019-09-05,sz.000032,14.4000,14.8900,13.4000,13.4800,13.6200,44255942,621826927.7500,10.760400,-1.027900,1,0
2019-09-06,sz.000032,12.9600,13.8900,12.8000,13.1000,13.4800,27857008,367500686.6100,6.773200,-2.819000,1,0
2019-09-09,sz.000032,12.9000,13.0500,12.4400,13.0500,13.1000,17660518,224674680.2800,4.294000,-0.381700,1,0
2019-09-10,sz.000032,12.8400,13.5500,12.7800,13.0500,13.0500,19959244,263992532.3100,4.852900,0.000000,1,0
2019-09-11,sz.000032,12.8300,13.5800,12.6800,13.4700,13.0500,21161085,279460335.7000,5.145100,3.218400,1,0
2019-09-12,sz.000032,13.2500,13.7900,13.1100,13.2200,13.4700,15876072,211471019.3700,3.860100,-1.856000,1,0
2019-09-16,sz.000032,13.1600,13.7900,13.1000,13.7900,13.2200,17182180,231859487.4500,4.177700,4.311600,1,0
2019-09-17,sz.000032,13.6000,14.0800,13.2600,13.4000,13.7900,15468153,210444174.4500,3.760900,-2.828100,1,0
2019-09-18,sz.000032,13.3000,13.3800,12.5000,12.7900,13.4000,14402107,184449734.2700,3.501700,-4.552200,1,0
2019-09-19,sz.000032,12.6000,12.7500,12.2400,12.6500,12.7900,8537042,106589638.9200,2.075700,-1.094600,1,0
2019-09-20,sz.000032,12.7000,12.8800,12.2400,12.3000,12.6500,10126264,126085537.1800,2.462100,-2.766800,1,0
2019-09-23,sz.000032,12.1200,12.3800,12.0200,12.3700,12.3000,6794876,82862519.1400,1.652100,0.569100,1,0
2019-09-24,sz.000032,12.3000,12.4400,12.1200,12.1900,12.3700,5580796,68452689.9200,1.356900,-1.455100,1,0
2019-09-25,sz.000032,12.1900,12.3400,11.8100,11.8900,12.1900,6778797,81485565.2900,1.648200,-2.461000,1,0
2019-09-26,sz.000032,11.9200,12.0000,11.2600,11.3500,11.8900,8014726,91942117.2400,1.948700,-4.541600,1,0
2019-09-27,sz.000032,11.3100,11.6300,11.3100,11.5500,11.3500,4918746,56715975.7000,1.195900,1.762100,1,0
2019-09-30,sz.000032,11.5000,11.8600,11.3000,11.3700,11.5500,3745330,43325502.5000,0.910600,-1.558400,1,0
2019-10-08,sz.000032,11.3800,11.7200,11.1700,11.2200,11.3700,3112950,35528943.6000,0.756900,-1.319300,1,0
2019-10-09,sz.000032,11.3000,11.8400,11.1100,11.7900,11.2200,5850424,67690118.7600,1.422500,5.080200,1,0
2019-10-10,sz.000032,11.6800,11.9900,11.6500,11.8100,11.7900,4840387,57084938.1100,1.176900,0.169600,1,0
2019-10-11,sz.000032,11.8400,11.9100,11.6200,11.7700,11.8100,3743714,43882912.5800,0.910300,-0.338700,1,0
2019-10-14,sz.000032,11.9100,12.0900,11.8200,12.0000,11.7700,5068623,60641516.1200,1.232400,1.954100,1,0
2019-10-15,sz.000032,12.0100,12.3500,11.7800,12.2400,12.0000,7964507,96194224.3000,1.936500,2.000000,1,0
2019-10-16,sz.000032,12.1800,12.4700,12.0100,12.4200,12.2400,5806620,71566257.7700,1.411800,1.470600,1,0
2019-10-17,sz.000032,12.2800,13.0300,12.2800,12.9200,12.4200,9961808,127876903.5900,2.422100,4.025800,1,0
2019-10-18,sz.000032,12.8200,13.1200,12.4700,12.6100,12.9200,6979067,89022765.1600,1.696900,-2.399400,1,0
2019-10-21,sz.000032,12.5600,12.8600,12.1500,12.7300,12.6100,4989020,62621565.4000,1.213000,0.951600,1,0
2019-10-22,sz.000032,12.6600,12.9600,12.6600,12.9000,12.7300,4455178,57277356.3900,1.083200,1.335400,1,0
2019-10-23,sz.000032,12.8400,13.0300,12.7200,12.8200,12.9000,3812298,49073025.4700,0.926900,-0.620200,1,0
2019-10-24,sz.000032,12.8500,13.0800,12.7700,12.9500,12.8200,3596113,46471361.2800,0.874400,1.014000,1,0
2019-10-25,sz.000032,12.8700,12.9800,12.6200,12.8800,12.9500,3530071,45151811.8200,0.858300,-0.540500,1,0
2019-10-28,sz.000032,12.8400,13.5200,12.8000,13.3900,12.8800,7300858,97199667.3400,1.775100,3.959600,1,0
2019-10-29,sz.000032,13.3600,13.5000,13.1600,13.3200,13.3900,5252904,70073345.0700,1.277200,-0.522800,1,0
2019-10-30,sz.000032,13.1800,13.4500,13.1300,13.3800,13.3200,3338494,44519777.8600,0.811700,0.450500,1,0
2019-10-31,sz.000032,13.4500,13.8300,13.3500,13.4700,13.3800,4330970,58622512.3600,1.053000,0.672600,1,0
2019-11-01,sz.000032,13.3300,13.6500,13.3300,13.5500,13.4700,3328992,45046613.3200,0.809400,0.593900,1,0
2019-11-04,sz.000032,13.6000,14.1500,13.4900,14.1000,13.5500,5403163,75305348.9000,1.313700,4.059000,1,0
2019-11-05,sz.000032,13.9500,14.1200,13.5600,13.6500,14.1000,5623220,77544530.5800,1.367200,-3.191500,1,0
2019-11-06,sz.000032,13.7200,13.8200,12.9600,13.1400,13.6500,7310455,97122457.0600,1.777500,-3.736300,1,0
2019-11-07,sz.000032,13.2400,13.8500,13.0300,13.7800,13.1400,5884580,79563433.4000,1.430800,4.870600,1,0
2019-11-08,sz.000032,13.8100,14.1500,13.7400,14.0900,13.7800,5887581,82433826.0400,1.431500,2.249600,1,0
2019-11-11,sz.000032,14.1000,14.5200,13.8300,13.8600,14.0900,6624520,93778753.0000,1.610700,-1.632400,1,0
2019-11-12,sz.000032,14.0000,14.3300,13.8500,14.3100,13.8600,4907021,69247561.8200,1.193100,3.246800,1,0
2019-11-13,sz.000032,14.2900,14.4200,14.0100,14.1500,14.3100,3415260,48126519.8000,0.830400,-1.118100,1,0
2019-11-14,sz.000032,14.1500,14.2800,13.9800,14.2400,14.1500,3282175,46478539.1300,0.798000,0.636000,1,0
2019-11-15,sz.000032,14.2400,14.3000,13.8200,13.8800,14.2400,2953280,41337184.0000,0.718100,-2.528100,1,0
2019-11-18,sz.000032,14.0000,14.1000,13.8500,13.9000,13.8800,2153806,30098009.4200,0.523700,0.144100,1,0
2019-11-19,sz.000032,14.1000,14.1000,13.6500,13.9700,13.9000,3195821,44324117.2400,0.777000,0.503600,1,0
2019-11-20,sz.000032,13.9500,13.9500,13.5100,13.5400,13.9700,3650254,49945959.1800,0.887500,-3.078000,1,0
2019-11-21,sz.000032,13.6400,13.7500,13.4100,13.5300,13.5400,2386269,32230665.4600,0.580200,-0.073900,1,0
2019-11-22,sz.000032,13.5000,13.7900,13.1300,13.2100,13.5300,3906308,52255508.0800,0.949800,-2.365100,1,0
2019-11-25,sz.000032,13.2100,13.4500,12.8600,13.0300,13.2100,2721360,35371492.1800,0.661700,-1.362600,1,0
2019-11-26,sz.000032,13.0800,13.2500,12.8100,12.9500,13.0300,1778635,23195771.8200,0.432500,-0.614000,1,0
2019-11-27,sz.000032,13.1800,13.1800,12.8300,13.0500,12.9500,1528648,19812207.7600,0.371700,0.772200,1,0
2019-11-28,sz.000032,13.0500,13.1200,12.9400,13.0700,13.0500,1578742,20554841.6200,0.383900,0.153300,1,0
2019-11-29,sz.000032,13.0700,13.0800,12.6800,13.0100,13.0700,2646508,34061757.6500,0.643500,-0.459100,1,0
2019-12-02,sz.000032,12.9800,13.6600,12.9300,13.4400,13.0100,3609041,48528560.9300,0.877500,3.305100,1,0
2019-12-03,sz.000032,13.3500,13.6000,13.2300,13.5200,13.4400,2615921,35114447.0700,0.636000,0.595200,1,0
2019-12-04,sz.000032,13.5200,13.7000,13.4000,13.5300,13.5200,2321084,31472781.2400,0.564400,0.074000,1,0
2019-12-05,sz.000032,13.5000,13.6900,13.5000,13.6900,13.5300,2009800,27403827.6000,0.488700,1.182600,1,0
2019-12-06,sz.000032,13.6000,13.8000,13.6000,13.8000,13.6900,2138272,29314058.8800,0.519900,0.803500,1,0
2019-12-09,sz.000032,13.8800,14.0800,13.6700,13.7600,13.8000,2060120,28535050.8000,0.500900,-0.289900,1,0
2019-12-10,sz.000032,13.7900,13.7900,13.3800,13.6500,13.7600,3263460,44260583.2000,0.793500,-0.799400,1,0
2019-12-11,sz.000032,13.7800,13.7800,13.1700,13.2400,13.6500,3414067,45601091.7400,0.830100,-3.003700,1,0
2019-12-12,sz.000032,13.3300,13.6600,13.1800,13.2700,13.2400,3155380,42359003.0000,0.767200,0.226600,1,0
2019-12-13,sz.000032,13.3500,13.4900,13.2000,13.2800,13.2700,2048964,27252977.1600,0.498200,0.075400,1,0
2019-12-16,sz.000032,13.3000,13.5200,13.2800,13.5100,13.2800,2208419,29636804.9400,0.537000,1.731900,1,0
2019-12-17,sz.000032,13.5100,14.0000,13.5100,13.8500,13.5100,5450420,75195975.8000,1.325200,2.516700,1,0
2019-12-18,sz.000032,13.7400,14.2300,13.7400,14.1000,13.8500,4856392,68095934.8900,1.180800,1.805100,1,0
2019-12-19,sz.000032,14.4000,14.4000,13.8800,13.9000,14.1000,5655920,79443939.6000,1.375200,-1.418400,1,0
2019-12-20,sz.000032,13.9900,14.0100,13.6500,13.7400,13.9000,3840769,52937805.4700,0.933800,-1.151100,1,0
2019-12-23,sz.000032,13.7400,13.8300,13.1800,13.3700,13.7400,3144712,42186427.9900,0.764600,-2.692900,1,0
2019-12-24,sz.000032,13.3000,13.5700,13.2100,13.4100,13.3700,2301395,30755393.6600,0.559600,0.299200,1,0
2019-12-25,sz.000032,13.4000,14.1500,13.4000,13.9900,13.4100,5789482,80636151.4800,1.407700,4.325100,1,0
2019-12-26,sz.000032,14.0000,14.5300,13.9200,14.5300,13.9900,6729897,96160051.0200,1.636300,3.859900,1,0
2019-12-27,sz.000032,14.5200,14.6400,14.1100,14.1400,14.5300,5307065,75995324.9200,1.290400,-2.684100,1,0
2019-12-30,sz.000032,14.0100,14.5900,13.9200,14.3100,14.1400,5014936,71783346.6600,1.219300,1.202300,1,0
2019-12-31,sz.000032,14.2500,14.4900,14.0300,14.2000,14.3100,3441686,48919510.4000,0.836800,-0.768700,1,0
2020-01-02,sz.000032,14.2200,14.7900,14.1300,14.7000,14.2000,6294496,91500438.8800,1.530500,3.521100,1,0
2020-01-03,sz.000032,14.7200,14.9000,14.5300,14.8100,14.7000,4106252,60482803.0000,0.998400,0.748300,1,0
2020-01-06,sz.000032,14.9100,15.4000,14.5800,15.2500,14.8100,6895166,103731654.0300,1.676500,2.971000,1,0
2020-01-07,sz.000032,15.1500,15.9700,15.1300,15.8200,15.2500,7208641,113369596.2100,1.752700,3.737700,1,0
2020-01-08,sz.000032,15.8200,15.8200,15.8200,15.8200,15.8200,0,0.0000,,0.000000,0,0
2020-01-09,sz.000032,15.8200,15.8200,15.8200,15.8200,15.8200,0,0.0000,,0.000000,0,0
2020-01-10,sz.000032,15.8200,15.8200,15.8200,15.8200,15.8200,0,0.0000,,0.000000,0,0
2020-01-13,sz.000032,15.8200,15.8200,15.8200,15.8200,15.8200,0,0.0000,,0.000000,0,0
2020-01-14,sz.000032,15.8200,15.8200,15.8200,15.8200,15.8200,0,0.0000,,0.000000,0,0
2020-01-15,sz.000032,15.8200,15.8200,15.8200,15.8200,15.8200,0,0.0000,,0.000000,0,0
2020-01-16,sz.000032,15.8200,15.8200,15.8200,15.8200,15.8200,0,0.0000,,0.000000,0,0
2020-01-17,sz.000032,15.8200,15.8200,15.8200,15.8200,15.8200,0,0.0000,,0.000000,0,0
2020-01-20,sz.000032,15.8200,15.8200,15.8200,15.8200,15.8200,0,0.0000,,0.000000,0,0
2020-01-21,sz.000032,15.8200,15.8200,15.8200,15.8200,15.8200,0,0.0000,,0.000000,0,0
2020-01-22,sz.000032,17.4000,17.4000,15.8800,16.0900,15.8200,34339764,574413467.5400,8.349400,1.706700,1,0
2020-01-23,sz.000032,15.0200,15.3000,14.4800,14.4800,16.0900,17721306,262334354.1800,4.308800,-10.006200,1,0
2020-02-03,sz.000032,13.0300,13.0300,13.0300,13.0300,14.4800,332300,4329869.0000,0.080800,-10.013800,1,0
2020-02-04,sz.000032,11.7300,12.4400,11.7300,12.0100,13.0300,17194496,204612402.5400,4.180700,-7.828100,1,0
2020-02-05,sz.000032,11.8700,12.7000,11.8100,12.0800,12.0100,9924536,121193457.8600,2.413100,0.582800,1,0
2020-02-06,sz.000032,12.0200,12.3900,11.9100,12.2200,12.0800,7574140,92060345.3400,1.841600,1.158900,1,0
2020-02-07,sz.000032,12.1700,13.4400,12.0100,13.4400,12.2200,10313408,131163486.7500,2.507600,9.983600,1,0
2020-02-10,sz.000032,13.4400,14.4300,13.2400,13.8800,13.4400,13435178,186881680.3200,3.266600,3.273800,1,0
2020-02-11,sz.000032,13.7100,14.0800,13.5000,13.6000,13.8800,5997396,82149997.1300,1.458200,-2.017300,1,0
2020-02-12,sz.000032,13.2600,13.8600,13.2600,13.6900,13.6000,5074039,69249811.3400,1.233700,0.661800,1,0
2020-02-13,sz.000032,13.6900,14.9500,13.2200,14.4300,13.6900,10613757,149015673.2600,2.580600,5.405400,1,0
2020-02-14,sz.000032,14.5000,15.8700,14.2200,15.8700,14.4300,15127665,230460989.2400,3.678200,9.979200,1,0
2020-02-17,sz.000032,15.9000,17.0000,15.5400,16.5900,15.8700,18522302,300656190.7600,4.503500,4.536900,1,0
2020-02-18,sz.000032,16.2100,17.3900,16.1000,16.7100,16.5900,13974148,234891350.8800,3.397700,0.723300,1,0
2020-02-19,sz.000032,16.3800,18.3800,16.2200,18.3800,16.7100,23734245,423475207.0500,5.770800,9.994000,1,0
2020-02-20,sz.000032,18.0000,19.9300,17.8100,19.0000,18.3800,21528555,410501029.5100,5.234500,3.373200,1,0
2020-02-21,sz.000032,18.7500,19.1800,18.5200,18.5600,19.0000,16180931,305431350.6400,3.934300,-2.315800,1,0
2020-02-24,sz.000032,18.6500,20.4200,18.2800,20.3800,18.5600,21051977,407852329.6700,5.118600,9.806000,1,0
2020-02-25,sz.000032,19.7500,21.3200,18.8000,20.6800,20.3800,17018955,340415154.6300,4.138000,1.472000,1,0
2020-02-26,sz.000032,20.1800,21.2000,19.1900,19.2400,20.6800,14150123,285153247.9100,3.440500,-6.963300,1,0
2020-02-27,sz.000032,19.6600,20.1700,18.5000,19.6700,19.2400,12165381,236710751.9500,2.957900,2.234900,1,0
2020-02-28,sz.000032,18.5000,19.1900,17.9500,18.0600,19.6700,10928300,201686417.4500,2.657100,-8.185100,1,0
2020-03-02,sz.000032,18.3600,18.9700,17.9000,18.6900,18.0600,8951433,165895035.5100,2.176500,3.488400,1,0
2020-03-03,sz.000032,19.0100,19.5000,18.3000,18.5000,18.6900,9433379,178863012.3500,2.293600,-1.016600,1,0
2020-03-04,sz.000032,18.3000,19.0900,18.1500,18.8800,18.5000,6286401,117247499.3100,1.528500,2.054000,1,0
2020-03-05,sz.000032,19.3700,19.5000,18.7300,18.8700,18.8800,5719140,108739063.3200,1.390600,-0.053000,1,0
2020-03-06,sz.000032,18.4900,19.0500,18.3400,18.7400,18.8700,4495051,83935214.9800,1.092900,-0.688900,1,0
2020-03-09,sz.000032,18.5500,18.7300,17.8500,18.0100,18.7400,6035173,109932768.8000,1.467400,-3.895400,1,0
2020-03-10,sz.000032,17.7000,18.6000,17.0800,18.5900,18.0100,9502887,169992080.3100,2.310500,3.220400,1,0
2020-03-11,sz.000032,18.4500,18.6900,17.7200,18.0000,18.5900,6931672,126052803.6600,1.685400,-3.173800,1,0
2020-03-12,sz.000032,17.6300,17.8600,17.2700,17.3000,18.0000,4170057,72918302.1000,1.013900,-3.888900,1,0
2020-03-13,sz.000032,16.7500,17.3000,16.3300,17.0200,17.3000,6729502,112856430.2900,1.636200,-1.618500,1,0
2020-03-16,sz.000032,17.3800,17.3800,15.5600,15.5800,17.0200,7980841,130541937.7400,1.940500,-8.460600,1,0
2020-03-17,sz.000032,16.0000,16.0000,15.0000,15.5900,15.5800,5764712,89982457.8800,1.401600,0.064200,1,0
2020-03-18,sz.000032,15.8700,16.3900,15.4000,15.4700,15.5900,5980941,94649508.3200,1.454200,-0.769700,1,0
2020-03-19,sz.000032,15.3900,16.0900,15.2300,15.9100,15.4700,5677045,88735983.0000,1.380300,2.844200,1,0
2020-03-20,sz.000032,16.3000,16.4800,15.7400,16.3500,15.9100,5006253,80757286.0200,1.217200,2.765600,1,0
2020-03-23,sz.000032,15.9200,16.1800,15.2000,15.4300,16.3500,5689489,89572651.4000,1.383300,-5.626900,1,0
2020-03-24,sz.000032,15.8200,15.9500,15.0800,15.6300,15.4300,4548587,70693938.2000,1.105900,1.296200,1,0
2020-03-25,sz.000032,16.0000,16.0800,15.7000,15.7900,15.6300,4198962,66610304.3700,1.020900,1.023700,1,0
2020-03-26,sz.000032,15.8000,15.8600,15.4100,15.5900,15.7900,3355012,52324052.6000,0.815700,-1.266600,1,0
2020-03-27,sz.000032,15.6900,15.8200,15.5000,15.5800,15.5900,3052992,47779130.2000,0.742300,-0.064100,1,0
2020-03-30,sz.000032,15.4300,15.4300,14.5100,14.7800,15.5800,4654403,69067206.1300,1.131700,-5.134800,1,0
2020-03-31,sz.000032,15.0100,15.0100,14.3900,14.4500,14.7800,2504047,36673520.7900,0.608800,-2.232700,1,0
2020-04-01,sz.000032,14.3900,14.7400,14.3900,14.5500,14.4500,2775114,40426367.3800,0.674700,0.692000,1,0
2020-04-02,sz.000032,14.5500,15.1500,14.4400,15.0900,14.5500,2841093,42156497.4300,0.690800,3.711300,1,0
2020-04-03,sz.000032,15.1600,16.6000,15.1500,16.6000,15.0900,7877869,126149279.2800,1.915400,10.006600,1,0
2020-04-07,sz.000032,17.0000,17.7300,16.7600,17.3500,16.6000,10174205,176035946.5900,2.473800,4.518100,1,0
2020-04-08,sz.000032,17.0000,17.1300,16.6800,16.8300,17.3500,5389370,90884726.6900,1.310400,-2.997100,1,0
2020-04-09,sz.000032,16.9100,17.5000,16.7800,17.1900,16.8300,5576958,95799743.8300,1.356000,2.139000,1,0
2020-04-10,sz.000032,17.0100,17.1900,16.5100,16.6000,17.1900,5091017,85278600.6600,1.237800,-3.432200,1,0
2020-04-13,sz.000032,16.4300,16.5600,16.0500,16.3900,16.6000,3904300,63670412.6000,0.949300,-1.265100,1,0
2020-04-14,sz.000032,16.5100,17.1200,16.3300,16.9900,16.3900,3953717,66408448.5500,0.961300,3.660800,1,0
2020-04-15,sz.000032,17.0000,17.2100,16.8800,16.9800,16.9900,3170825,53910767.6900,0.771000,-0.058900,1,0
2020-04-16,sz.000032,17.0000,17.8500,16.7000,17.2300,16.9800,6343800,109631551.2800,1.542400,1.472300,1,0
2020-04-17,sz.000032,17.3400,17.7800,17.2400,17.3800,17.2300,4875550,85117051.5000,1.185400,0.870600,1,0
2020-04-20,sz.000032,17.3500,17.4000,16.8400,17.1300,17.3800,5196661,88552529.3800,1.263500,-1.438400,1,0
2020-04-21,sz.000032,17.0700,17.3300,16.7300,17.1500,17.1300,3945024,67102605.4900,0.959200,0.116800,1,0
2020-04-22,sz.000032,17.0000,18.3300,16.8700,18.0100,17.1500,7167108,127951511.6000,1.742600,5.014600,1,0
2020-04-23,sz.000032,18.0100,18.2800,17.0100,17.0500,18.0100,7843860,137821966.4000,1.907200,-5.330400,1,0
2020-04-24,sz.000032,17.1000,18.7600,17.1000,17.9900,17.0500,18181758,334365215.8000,4.420700,5.513200,1,0
2020-04-27,sz.000032,17.7200,19.0400,17.2700,18.5900,17.9900,12785671,233633236.3800,3.108700,3.335200,1,0
2020-04-28,sz.000032,18.5500,18.8900,17.7100,18.1700,18.5900,9462916,172973283.0200,2.300800,-2.259300,1,0
2020-04-29,sz.000032,18.0800,18.1500,17.7000,17.8000,18.1700,4565282,81683528.2100,1.110000,-2.036300,1,0
2020-04-30,sz.000032,17.8400,18.3800,17.8000,18.0100,17.8000,5511536,99934705.7400,1.340100,1.179800,1,0
2020-05-06,sz.000032,17.8100,18.1000,17.5500,17.9000,18.0100,5936859,105566023.4300,1.443500,-0.610800,1,0
2020-05-07,sz.000032,17.9200,18.1900,17.6000,17.6500,17.9000,4436152,79406182.6500,1.078600,-1.396600,1,0
2020-05-08,sz.000032,17.6500,18.2600,17.6200,18.1400,17.6500,5350133,96297641.1500,1.300800,2.776200,1,0
2020-05-11,sz.000032,18.1800,18.2400,17.7000,17.8700,18.1400,4788000,85586460.0600,1.164200,-1.488400,1,0
2020-05-12,sz.000032,17.9500,17.9500,17.5000,17.7700,17.8700,2627115,46288009.2000,0.638800,-0.559600,1,0
2020-05-13,sz.000032,17.7700,18.8800,17.6600,18.7100,17.7700,7810133,143813521.1700,1.899000,5.289800,1,0
2020-05-14,sz.000032,18.7100,18.9600,18.5000,18.6600,18.7100,5303873,99249541.4300,1.289600,-0.267200,1,0
2020-05-15,sz.000032,18.9800,19.9500,18.9600,19.2900,18.6600,9584612,187492486.3600,2.330400,3.376200,1,0
2020-05-18,sz.000032,19.3700,19.3700,18.3000,18.4000,19.2900,6768630,127136839.4000,1.645700,-4.613800,1,0
2020-05-19,sz.000032,18.4800,18.9700,18.1100,18.4000,18.4000,5018023,91998174.2900,1.220100,0.000000,1,0
2020-05-20,sz.000032,18.2000,18.2500,17.7000,17.8000,18.4000,5230546,93736635.5800,1.271800,-3.260900,1,0
2020-05-21,sz.000032,17.9400,17.9400,17.4200,17.6000,17.8000,2952808,52052402.2900,0.717900,-1.123600,1,0
2020-05-22,sz.000032,18.5900,18.5900,17.3500,17.6000,17.6000,5793804,103845565.7300,1.408700,0.000000,1,0
2020-05-25,sz.000032,17.2000,17.7200,16.9000,17.2000,17.6000,3703227,63791762.3500,0.900400,-2.272700,1,0
2020-05-26,sz.000032,17.1700,17.6900,17.1700,17.5500,17.2000,2569766,44991624.6000,0.624800,2.034900,1,0
2020-05-27,sz.000032,17.5500,17.5800,17.2300,17.2600,17.5500,2283781,39593661.6600,0.555300,-1.652400,1,0
2020-05-28,sz.000032,17.1000,17.3900,16.5700,16.9400,17.2600,2969356,50371801.8000,0.722000,-1.854000,1,0
2020-05-29,sz.000032,16.9400,17.1800,16.7600,16.9100,16.9400,1944357,33088584.7100,0.472800,-0.177100,1,0
2020-06-01,sz.000032,17.0000,17.4600,17.0000,17.3700,16.9100,3028114,52438150.1600,0.736300,2.720300,1,0
2020-06-02,sz.000032,17.3700,17.7300,17.2800,17.6800,17.3700,2941546,51662049.7000,0.715200,1.784700,1,0
2020-06-03,sz.000032,17.6800,19.4500,17.5500,18.6600,17.6800,6117614,113333727.4300,1.487400,5.543000,1,0
2020-06-04,sz.000032,18.6000,18.9600,18.0000,18.3600,18.5800,4009370,73771237.6000,0.974800,-1.184100,1,0
2020-06-05,sz.000032,18.2800,18.6200,18.0200,18.4600,18.3600,2147160,39511534.8000,0.522100,0.544700,1,0
2020-06-08,sz.000032,18.4500,18.8900,18.3500,18.3900,18.4600,2239010,41685817.2700,0.544400,-0.379200,1,0
2020-06-09,sz.000032,18.4000,19.2900,18.2900,18.8900,18.3900,3632274,68117181.3000,0.883200,2.718900,1,0
2020-06-10,sz.000032,18.8000,18.8900,18.5800,18.8100,18.8900,1813193,33990980.1500,0.440900,-0.423500,1,0
2020-06-11,sz.000032,18.8000,19.2700,18.6100,18.9400,18.8100,3322098,63148263.4700,0.807700,0.691100,1,0
2020-06-12,sz.000032,18.6200,18.8800,18.4100,18.7100,18.9400,2456979,45761761.3000,0.597400,-1.214400,1,0
2020-06-15,sz.000032,18.7100,19.2500,18.5600,19.0500,18.7100,3452901,65356026.5400,0.839500,1.817200,1,0
2020-06-16,sz.000032,18.9700,19.6800,18.9700,19.3800,19.0500,4605946,89417004.3200,1.119900,1.732300,1,0
2020-06-17,sz.000032,19.3800,19.7300,19.0900,19.1300,19.3800,3669240,70941567.5200,0.892100,-1.290000,1,0
2020-06-18,sz.000032,19.1400,19.4000,18.4400,18.5100,19.1300,5704760,106727938.3800,1.387100,-3.241000,1,0
2020-06-19,sz.000032,18.5000,18.9500,18.4100,18.7500,18.5100,3023633,56493066.5100,0.735200,1.296600,1,0
2020-06-22,sz.000032,18.6800,18.9400,18.6000,18.7100,18.7500,2690803,50433556.2700,0.654200,-0.213300,1,0
2020-06-23,sz.000032,18.7100,19.0900,18.4500,18.8500,18.7100,3566475,66721834.1100,0.867200,0.748300,1,0
2020-06-24,sz.000032,18.7000,19.6500,18.5600,19.6000,18.8500,8095752,155741809.6100,1.968400,3.978800,1,0
2020-06-29,sz.000032,19.6500,21.5000,19.5000,20.9900,19.6000,13993130,285707205.1700,3.402300,7.091800,1,0
2020-06-30,sz.000032,20.6900,22.4900,20.5000,21.7500,20.9900,11406482,244816344.1700,2.773400,3.620800,1,0
2020-07-01,sz.000032,21.9500,22.2900,21.1000,21.5900,21.7500,7499890,161712400.9300,1.823500,-0.735600,1,0
2020-07-02,sz.000032,21.5000,21.8800,21.2000,21.5900,21.5900,5838489,125883569.0000,1.419600,0.000000,1,0
2020-07-03,sz.000032,21.5900,21.6800,20.8100,21.0000,21.5900,6802113,143127115.1300,1.653900,-2.732700,1,0
2020-07-06,sz.000032,21.0700,21.5900,20.8500,21.3900,21.0000,9682700,205735724.8500,2.354300,1.857100,1,0
2020-07-07,sz.000032,21.5000,23.5300,21.2000,22.7600,21.3900,19249844,437206684.4200,4.680400,6.404900,1,0
2020-07-08,sz.000032,22.9000,23.9300,22.7600,23.7900,22.7600,13339109,312010895.8700,3.243300,4.525500,1,0
2020-07-09,sz.000032,23.7000,25.9800,23.7000,25.6600,23.7900,13116318,325319921.3800,3.189100,7.860400,1,0
2020-07-10,sz.000032,25.6800,28.1600,25.0100,27.4500,25.6600,16481577,443630093.8400,4.007400,6.975800,1,0
2020-07-13,sz.000032,27.4500,27.6800,26.1000,27.1600,27.4500,12091390,325495879.0000,2.939900,-1.056500,1,0
2020-07-14,sz.000032,27.0000,27.1600,25.3300,26.2000,27.1600,11137686,292813460.8300,2.708000,-3.534600,1,0
2020-07-15,sz.000032,26.1500,26.2800,25.0400,25.1800,26.2000,7231535,185172514.2500,1.758300,-3.893100,1,0
2020-07-16,sz.000032,25.2200,25.6800,23.6500,23.6800,25.1800,8135096,199903100.6900,1.978000,-5.957100,1,0
2020-07-17,sz.000032,23.8500,24.4600,23.3000,23.5000,23.6800,5519529,131088214.4100,1.342000,-0.760100,1,0
2020-07-20,sz.000032,23.8300,25.7500,23.6400,25.7100,23.5000,8208015,204735783.0400,1.995700,9.404300,1,0
2020-07-21,sz.000032,25.6000,27.2800,25.3300,27.0500,25.7100,9496714,253425782.8800,2.309000,5.212000,1,0
2020-07-22,sz.000032,27.0000,27.4100,26.2700,26.5900,27.0500,7578820,203061817.9600,1.842700,-1.700600,1,0
2020-07-23,sz.000032,26.1800,26.9400,25.5300,25.9700,26.5900,6840621,178432247.2800,1.663200,-2.331700,1,0
2020-07-24,sz.000032,25.9700,26.7700,24.9800,25.1600,25.9700,7334625,189080050.9300,1.783300,-3.119000,1,0
2020-07-27,sz.000032,25.4600,26.0500,24.6100,25.2500,25.1600,4543180,115480072.9500,1.104600,0.357700,1,0
2020-07-28,sz.000032,25.3000,26.0800,25.2100,25.7500,25.2500,4350545,111583365.3600,1.057800,1.980200,1,0
2020-07-29,sz.000032,25.7900,27.5100,25.4200,27.1700,25.7500,8616410,231572414.8400,2.095000,5.514600,1,0
2020-07-30,sz.000032,28.4900,28.7800,27.3100,27.7800,27.1700,11112573,311416280.8800,2.701900,2.245100,1,0
2020-07-31,sz.000032,28.7500,30.3000,28.1200,29.8300,27.7800,15441198,453271533.0300,3.754400,7.379400,1,0
2020-08-03,sz.000032,29.9700,32.2000,29.8700,31.5000,29.8300,19985800,628002861.0300,4.859400,5.598400,1,0
2020-08-04,sz.000032,31.9900,31.9900,28.3500,28.3500,31.5000,27364115,797563488.5900,6.653300,-10.000000,1,0
2020-08-05,sz.000032,27.1000,27.4900,26.0100,27.1700,28.3500,17018602,458493304.7100,4.137900,-4.162300,1,0
2020-08-06,sz.000032,27.0000,29.0000,26.8300,28.3300,27.1700,12513459,352933810.9400,3.042500,4.269400,1,0
2020-08-07,sz.000032,27.8800,28.3800,26.8000,27.6900,28.3300,8676614,239259344.2700,2.109600,-2.259100,1,0
2020-08-10,sz.000032,27.6900,28.5500,27.1600,27.3000,27.6900,6885432,191260172.8900,1.674100,-1.408500,1,0
2020-08-11,sz.000032,26.0000,27.1700,25.6900,25.7400,27.3000,11387589,297736189.8100,2.768800,-5.714300,1,0
2020-08-12,sz.000032,25.6000,25.9600,24.4300,25.2000,25.7400,8239058,206390361.9000,2.003300,-2.097900,1,0
2020-08-13,sz.000032,25.0000,26.3500,24.8800,25.7900,25.2000,5898252,151801091.7600,1.434100,2.341300,1,0
2020-08-14,sz.000032,25.7700,25.9800,25.2300,25.6800,25.7900,2834427,72534831.7400,0.689200,-0.426500,1,0
2020-08-17,sz.000032,25.6000,26.0300,25.3700,25.8400,25.6800,4898070,126062578.4600,1.190900,0.623100,1,0
2020-08-18,sz.000032,26.0000,26.6900,25.6000,26.0500,25.8400,5007997,130429606.5500,1.217700,0.812700,1,0
2020-08-19,sz.000032,26.0700,26.1800,25.0000,25.1000,26.0500,5236508,132777358.4000,1.273200,-3.646800,1,0
2020-08-20,sz.000032,25.1700,25.4900,24.5800,24.6200,25.1000,3216164,80236453.4300,0.782000,-1.912400,1,0
2020-08-21,sz.000032,24.7600,25.4000,24.7600,25.0500,24.6200,3377362,84697875.2700,0.821200,1.746500,1,0
2020-08-24,sz.000032,24.9700,25.2200,24.5100,24.9100,25.0500,2393602,59520359.7000,0.582000,-0.558900,1,0
2020-08-25,sz.000032,25.1600,25.5900,24.8700,25.1200,24.9100,3231602,81237679.7400,0.785700,0.843000,1,0
2020-08-26,sz.000032,24.9300,24.9800,23.2300,23.6800,25.1200,8152981,195401577.0600,1.982300,-5.732500,1,0
2020-08-27,sz.000032,23.6000,24.1000,23.1400,23.8000,23.6800,3962872,93864411.9200,0.963500,0.506800,1,0
2020-08-28,sz.000032,24.0000,24.2900,23.7200,24.1500,23.8000,3661735,88217901.0000,0.890300,1.470600,1,0
2020-08-31,sz.000032,24.0700,24.3300,22.9300,23.3000,24.1500,6116334,143621854.0000,1.486600,-3.519700,1,0
2020-09-01,sz.000032,23.3000,23.4400,22.7400,23.1700,23.3000,4302420,99134291.8000,1.045700,-0.557900,1,0
2020-09-02,sz.000032,23.2100,23.3500,22.9200,23.0200,23.1700,2900278,67018877.3400,0.704900,-0.647400,1,0
2020-09-03,sz.000032,23.2800,23.2800,22.4500,22.5500,23.0200,3350216,76299931.4500,0.814300,-2.041700,1,0
2020-09-04,sz.000032,22.0100,22.6800,21.9200,22.5600,22.5500,2996982,66903183.0600,0.728400,0.044300,1,0
2020-09-07,sz.000032,22.5700,22.8600,22.1300,22.1900,22.5600,4250680,95607551.9200,1.033200,-1.640100,1,0
2020-09-08,sz.000032,22.1100,22.4000,21.5800,21.9000,22.1900,3524091,77143121.5400,0.856600,-1.306900,1,0
2020-09-09,sz.000032,21.6000,21.8900,20.8500,21.4200,21.9000,4169836,89226574.7300,1.013500,-2.191800,1,0
2020-09-10,sz.000032,21.6000,21.9500,21.0600,21.1800,21.4200,3250081,69800438.0500,0.790000,-1.120400,1,0
2020-09-11,sz.000032,21.5000,21.5000,20.9300,21.1700,21.1800,2066258,43729706.7800,0.502200,-0.047200,1,0
2020-09-14,sz.000032,21.2200,21.9500,21.2200,21.7600,21.1700,2421047,52297430.1800,0.588500,2.787000,1,0
2020-09-15,sz.000032,21.7600,23.2800,21.0600,22.9700,21.7600,5337903,118813371.0700,1.297400,5.560700,1,0
2020-09-16,sz.000032,22.9700,23.4800,22.8900,22.9600,22.9700,3799568,88016260.0500,0.923500,-0.043500,1,0
2020-09-17,sz.000032,22.9600,23.1500,22.5100,22.8500,22.9600,2528430,57557407.8900,0.614600,-0.479100,1,0
2020-09-18,sz.000032,22.8000,23.6000,22.8000,23.3600,22.8500,3527267,82388557.7100,0.857300,2.231900,1,0
2020-09-21,sz.000032,23.4200,23.6100,23.0100,23.2600,23.3600,2326637,54029437.1300,0.565500,-0.428100,1,0
2020-09-22,sz.000032,23.1900,23.1900,22.6100,22.7400,23.2600,1800042,41201121.1600,0.437500,-2.235600,1,0
2020-09-23,sz.000032,22.8900,22.9400,22.4300,22.6500,22.7400,1214060,27474343.8000,0.295100,-0.395800,1,0
2020-09-24,sz.000032,22.4300,22.4300,21.5300,21.5800,22.6500,2270591,49586110.6200,0.551900,-4.724100,1,0
2020-09-25,sz.000032,21.8800,21.8800,21.0400,21.1600,21.5800,2157330,45876376.4800,0.524400,-1.946200,1,0
2020-09-28,sz.000032,21.5000,21.5000,20.5800,20.7200,21.1600,1850734,38626192.3900,0.449800,-2.079400,1,0
2020-09-29,sz.000032,20.7400,20.9800,20.4700,20.5000,20.7200,2151536,44509680.4200,0.522900,-1.061800,1,0
2020-09-30,sz.000032,20.8000,21.3700,20.2400,20.7500,20.5000,3188082,66144515.4000,0.774900,1.219500,1,0
2020-10-09,sz.000032,21.5000,22.1500,20.9900,21.7500,20.7500,2509092,54362437.5200,0.609900,4.819300,1,0
2020-10-12,sz.000032,22.0800,22.7600,22.0800,22.6600,21.7500,2998800,67553420.3500,0.728900,4.183900,1,0
2020-10-13,sz.000032,22.6000,23.1700,22.2300,23.0300,22.6600,3002155,68502080.2700,0.729700,1.632800,1,0
2020-10-14,sz.000032,23.0500,23.3000,22.8600,23.0400,23.0300,2370889,54709312.8700,0.576300,0.043400,1,0
2020-10-15,sz.000032,23.2200,23.2900,22.6100,22.6200,23.0400,2068572,47341486.3700,0.502800,-1.822900,1,0
2020-10-16,sz.000032,22.8000,22.8000,22.2800,22.3900,22.6200,1359345,30500744.9500,0.330400,-1.016800,1,0
2020-10-19,sz.000032,22.5300,22.8800,22.0200,22.1400,22.3900,1435240,32045954.2000,0.348800,-1.116600,1,0
2020-10-20,sz.000032,22.1100,22.3400,21.8800,22.2300,22.1400,1019917,22544946.8200,0.247900,0.406500,1,0
2020-10-21,sz.000032,22.2900,22.4100,21.5400,21.8300,22.2300,1744780,38136013.6000,0.424100,-1.799400,1,0
2020-10-22,sz.000032,21.7000,21.8000,21.2800,21.3000,21.8300,1250656,26790210.7200,0.304000,-2.427900,1,0
2020-10-23,sz.000032,21.3500,21.4800,20.9000,20.9700,21.3000,1011100,21398423.7600,0.245800,-1.549300,1,0
2020-10-26,sz.000032,20.9700,21.0600,20.5000,20.7600,20.9700,969700,20159960.0000,0.235700,-1.001400,1,0
2020-10-27,sz.000032,20.7600,20.9800,20.5000,20.7500,20.7600,1076968,22292058.1900,0.261800,-0.048200,1,0
2020-10-28,sz.000032,20.7600,21.0400,20.4000,20.8800,20.7500,1275600,26393464.5500,0.310000,0.626500,1,0
2020-10-29,sz.000032,20.7600,20.7600,20.0000,20.0300,20.8800,2692392,54447749.8400,0.654400,-4.070900,1,0
2020-10-30,sz.000032,20.1700,20.7600,20.0300,20.2800,20.0300,2321127,47358977.3300,0.564200,1.248100,1,0
2020-11-02,sz.000032,20.2900,20.4800,19.6100,19.6500,20.2800,1823723,36233326.7200,0.443300,-3.106500,1,0
2020-11-03,sz.000032,19.9700,20.7800,19.6600,20.4600,19.6500,1855429,37705994.5500,0.451000,4.122100,1,0
2020-11-04,sz.000032,20.4900,20.7400,20.0500,20.2800,20.4600,1134906,23039144.1600,0.275800,-0.879800,1,0
2020-11-05,sz.000032,20.3100,20.6000,20.1900,20.5400,20.2800,1211164,24771481.1200,0.294400,1.282100,1,0
2020-11-06,sz.000032,20.4500,20.6700,20.0500,20.1500,20.5400,1326073,26859847.2100,0.322300,-1.898700,1,0
2020-11-09,sz.000032,20.1500,21.2500,20.1400,20.9100,20.1500,2458631,51123363.7400,0.597600,3.771700,1,0
2020-11-10,sz.000032,20.9300,21.0000,20.5500,20.6400,20.9100,1890100,39183497.3900,0.459400,-1.291200,1,0
2020-11-11,sz.000032,20.5600,20.6300,20.0000,20.0700,20.6400,1432488,29022905.0700,0.348200,-2.761600,1,0
2020-11-12,sz.000032,20.0200,20.2200,19.8100,19.9600,20.0700,1299301,26019639.0300,0.315800,-0.548100,1,0
2020-11-13,sz.000032,19.9500,20.2000,19.4500,20.0100,19.9600,1382918,27420109.4400,0.336100,0.250500,1,0
2020-11-16,sz.000032,20.0300,20.1200,19.8000,19.9500,20.0100,845880,16866700.0000,0.205600,-0.299900,1,0
2020-11-17,sz.000032,19.9700,19.9700,19.2900,19.4200,19.9500,2105953,41008612.6000,0.511900,-2.656600,1,0
2020-11-18,sz.000032,19.4000,19.6100,19.2100,19.3300,19.4200,1766340,34130874.8000,0.429300,-0.463400,1,0
2020-11-19,sz.000032,19.2400,19.5800,19.0500,19.4700,19.3300,1582839,30784748.4000,0.384700,0.724300,1,0
2020-11-20,sz.000032,19.5100,21.4100,19.4200,21.3000,19.4700,5045702,104469939.8800,1.226400,9.399100,1,0
2020-11-23,sz.000032,21.4600,22.2600,21.2000,21.8300,21.3000,4482389,97446101.8500,1.089500,2.488300,1,0
2020-11-24,sz.000032,22.1600,22.5400,21.8500,22.1600,21.8300,3251380,72190048.0000,0.790300,1.511700,1,0
2020-11-25,sz.000032,22.1600,22.4800,22.0000,22.2100,22.1600,2353882,52241756.7700,0.572100,0.225600,1,0
2020-11-26,sz.000032,22.5500,22.5500,21.6500,21.9300,22.2100,1891758,41601881.6200,0.459800,-1.260700,1,0
2020-11-27,sz.000032,21.9300,22.0400,21.4000,21.6800,21.9300,1581490,34282890.2500,0.384400,-1.140000,1,0
2020-11-30,sz.000032,21.5500,21.6300,20.9300,21.0200,21.6800,1852800,39326824.0000,0.450300,-3.044300,1,0
2020-12-01,sz.000032,20.9400,21.2100,20.8900,21.0600,21.0200,1340241,28172785.8200,0.325800,0.190300,1,0
2020-12-02,sz.000032,21.1700,21.6000,20.8200,21.5200,21.0600,1994240,42434838.6000,0.484700,2.184200,1,0
2020-12-03,sz.000032,21.4000,22.0000,21.0500,21.2600,21.5200,1784581,38064893.9100,0.433800,-1.208200,1,0
2020-12-04,sz.000032,21.2200,21.5700,21.0000,21.4300,21.2600,1048620,22369732.0000,0.254900,0.799600,1,0
2020-12-07,sz.000032,21.5300,21.7900,21.4300,21.5400,21.4300,1142299,24636187.2500,0.277600,0.513300,1,0
2020-12-08,sz.000032,21.3800,21.6300,20.6000,20.7000,21.5400,3623461,75771400.7300,0.880700,-3.899700,1,0
2020-12-09,sz.000032,20.3800,20.8000,19.9800,20.0000,20.7000,2966261,60233044.9900,0.721000,-3.381600,1,0
2020-12-10,sz.000032,20.0000,20.1600,19.5000,19.5300,20.0000,2239044,44275570.1900,0.544200,-2.350000,1,0
2020-12-11,sz.000032,19.6300,19.8800,19.2000,19.3000,19.5300,1828120,35489941.2500,0.444300,-1.177700,1,0
2020-12-14,sz.000032,19.2900,19.4200,18.8600,19.1300,19.3000,1345922,25795611.3300,0.327100,-0.880800,1,0
2020-12-15,sz.000032,19.1300,19.9000,19.1100,19.8000,19.1300,1595437,31146754.2500,0.387800,3.502400,1,0
2020-12-16,sz.000032,19.7500,19.9600,19.3600,19.3800,19.8000,1243149,24332558.1800,0.302200,-2.121200,1,0
2020-12-17,sz.000032,19.3800,19.6700,19.1300,19.4300,19.3800,1131213,21871092.2200,0.275000,0.258000,1,0
2020-12-18,sz.000032,19.5000,19.5600,19.0600,19.0900,19.4300,1423899,27265679.9700,0.346100,-1.749900,1,0
2020-12-21,sz.000032,19.1000,19.5500,19.1000,19.4600,19.0900,1364645,26433530.1900,0.331700,1.938200,1,0
2020-12-22,sz.000032,19.3600,19.4300,19.0600,19.1000,19.4600,1523010,29200838.0400,0.370200,-1.849900,1,0
2020-12-23,sz.000032,19.1100,19.6000,18.9800,19.4500,19.1000,1793533,34797313.3500,0.435900,1.832500,1,0
2020-12-24,sz.000032,19.4500,19.5500,19.1100,19.1200,19.4500,935128,17998644.6900,0.227300,-1.696700,1,0
2020-12-25,sz.000032,19.1000,19.3000,19.0100,19.1800,19.1200,820866,15730887.2100,0.199500,0.313800,1,0
2020-12-28,sz.000032,19.2100,19.2100,18.5800,18.6000,19.1800,1890640,35666774.8400,0.459500,-3.024000,1,0
2020-12-29,sz.000032,18.6000,19.0100,18.1200,18.7300,18.6000,1778928,33454484.1100,0.432400,0.698900,1,0
2020-12-30,sz.000032,18.5800,18.8300,17.9000,18.0100,18.7300,2697736,49406909.2700,0.655700,-3.844100,1,0
2020-12-31,sz.000032,18.0200,18.1500,17.5000,17.9000,18.0100,3154618,56198601.2000,0.766800,-0.610800,1,0
2021-01-04,sz.000032,17.8600,19.6900,17.7900,19.6900,17.9000,5605068,108182850.5400,1.362400,10.000000,1,0
2021-01-05,sz.000032,20.0400,20.9900,19.7100,20.3300,19.6900,5783008,117494810.6000,1.405600,3.250400,1,0
2021-01-06,sz.000032,20.3300,20.4400,19.5900,20.0200,20.3300,2756660,54881225.6000,0.670000,-1.524800,1,0
2021-01-07,sz.000032,19.8000,20.2400,19.2300,19.7400,20.0200,2847505,56077130.6000,0.692100,-1.398600,1,0
2021-01-08,sz.000032,19.5600,20.0300,19.3200,19.5900,19.7400,1951143,38306203.9200,0.474200,-0.759900,1,0
2021-01-11,sz.000032,19.5900,19.8500,18.8700,19.0000,19.5900,2017958,38949103.9600,0.490500,-3.011700,1,0
2021-01-12,sz.000032,18.8200,19.0500,18.5200,18.9700,19.0000,1690900,31814801.0000,0.411000,-0.157900,1,0
2021-01-13,sz.000032,18.8700,19.7800,18.4200,19.4200,18.9700,2714909,51968994.8500,0.659900,2.372200,1,0
2021-01-14,sz.000032,19.3500,19.6500,18.7000,19.2300,19.4200,1757473,33773193.3600,0.427200,-0.978400,1,0
2021-01-15,sz.000032,19.0700,19.5000,18.9000,19.3200,19.2300,1721797,32974971.6600,0.418500,0.468000,1,0
2021-01-18,sz.000032,18.7400,18.9000,18.4000,18.5500,19.3200,3071138,57040779.4100,0.746500,-3.985500,1,0
2021-01-19,sz.000032,18.5500,19.0600,18.5000,18.5600,18.5500,1848928,34644054.5900,0.449400,0.053900,1,0
2021-01-20,sz.000032,18.8000,18.8000,18.2100,18.6300,18.5600,1449926,26815999.2700,0.352400,0.377200,1,0
2021-01-21,sz.000032,18.6300,18.8000,18.4000,18.4700,18.6300,1494700,27728755.8000,0.363300,-0.858800,1,0
2021-01-22,sz.000032,18.4600,19.8000,18.4600,19.0200,18.4700,3268352,62376552.6000,0.794400,2.977800,1,0
2021-01-25,sz.000032,19.4000,19.4000,18.4200,18.4800,19.0200,1938406,36220666.0300,0.471100,-2.839100,1,0
2021-01-26,sz.000032,18.3500,18.3700,18.0000,18.0300,18.4800,1684322,30478754.9600,0.409400,-2.435100,1,0
2021-01-27,sz.000032,18.0300,18.5700,17.9000,18.2000,18.0300,1286685,23500473.2800,0.312700,0.942900,1,0
2021-01-28,sz.000032,18.3500,18.3500,17.8000,17.9000,18.2000,1439461,25811750.6600,0.349900,-1.648400,1,0
2021-01-29,sz.000032,19.1400,19.1400,18.1000,18.4100,17.9000,2140473,39595996.7000,0.520300,2.849200,1,0
2021-02-01,sz.000032,18.3600,19.0300,18.2000,18.7900,18.4100,1945164,36363624.7900,0.472800,2.064100,1,0
2021-02-02,sz.000032,18.7900,18.9700,18.4700,18.7100,18.7900,1162341,21645962.1900,0.282500,-0.425800,1,0
2021-02-03,sz.000032,18.7200,18.7200,18.1100,18.1600,18.7100,1217034,22238801.2400,0.295800,-2.939600,1,0
2021-02-04,sz.000032,18.1000,18.1900,17.8000,18.1500,18.1600,1500003,26898113.6700,0.364600,-0.055100,1,0
2021-02-05,sz.000032,18.1700,18.3400,17.9300,17.9500,18.1500,967810,17504970.0000,0.235200,-1.101900,1,0
2021-02-08,sz.000032,17.8200,18.4500,17.3500,18.2100,17.9500,1650909,29858174.6400,0.401300,1.448500,1,0
2021-02-09,sz.000032,18.2100,18.5000,18.1000,18.1900,18.2100,1073276,19582777.0000,0.260900,-0.109800,1,0
2021-02-10,sz.000032,18.2300,18.4900,18.0500,18.4200,18.1900,1037060,19028443.8000,0.252100,1.264400,1,0
2021-02-18,sz.000032,18.4100,19.3500,18.4100,18.9500,18.4200,1886343,35760639.1100,0.458500,2.877300,1,0
2021-02-19,sz.000032,18.9500,19.1100,18.6000,19.0900,18.9500,1608081,30431947.8400,0.390900,0.738800,1,0
2021-02-22,sz.000032,19.0800,21.0000,19.0500,21.0000,19.0900,6553603,134534680.0700,1.592900,10.005200,1,0
2021-02-23,sz.000032,21.7300,23.1000,21.4000,23.1000,21.0000,5677275,127838543.8200,1.379900,10.000000,1,0
2021-02-24,sz.000032,24.8800,24.8800,23.1500,23.2900,23.1000,9711636,231267597.7900,2.360500,0.822500,1,0
2021-02-25,sz.000032,23.8700,25.6200,22.5400,25.6200,23.2900,9026685,216336114.2700,2.194000,10.004300,1,0
2021-02-26,sz.000032,25.6200,25.6200,25.6200,25.6200,25.6200,0,0.0000,,0.000000,0,0
2021-03-01,sz.000032,25.5800,25.5800,23.0600,23.0600,25.6200,9041761,211826600.5400,2.197700,-9.992200,1,0
2021-03-02,sz.000032,22.0800,22.5000,21.2900,21.6200,23.0600,6369215,139669972.9300,1.548100,-6.244600,1,0
2021-03-03,sz.000032,21.7500,22.3800,21.6400,21.7500,21.6200,3278400,71901036.4400,0.796800,0.601300,1,0
2021-03-04,sz.000032,21.5300,21.5700,20.6500,20.9300,21.7500,4143042,86618652.7000,1.007000,-3.770100,1,0
2021-03-05,sz.000032,20.5600,22.5100,20.5300,21.8000,20.9300,4003288,85400189.1800,0.973000,4.156700,1,0
2021-03-08,sz.000032,21.8500,22.3500,21.5000,21.5000,21.8000,2376710,51947491.7700,0.577700,-1.376100,1,0
2021-03-09,sz.000032,21.5000,22.5000,20.8500,22.0900,21.5000,2825086,61817768.9600,0.686700,2.744200,1,0
2021-03-10,sz.000032,22.4500,22.4800,21.0000,21.6200,22.0900,1687614,36764624.9600,0.410200,-2.127700,1,0
2021-03-11,sz.000032,21.5000,21.9800,21.3600,21.8700,21.6200,1414980,30773029.0000,0.343900,1.156300,1,0
2021-03-12,sz.000032,22.0800,23.2000,21.7900,22.7000,21.8700,3234479,73061275.9800,0.786200,3.795200,1,0
2021-03-15,sz.000032,22.8000,23.1000,22.1300,22.5000,22.7000,2072800,46966435.0000,0.503800,-0.881100,1,0
2021-03-16,sz.000032,22.3000,22.7200,22.3000,22.3300,22.5000,1253996,28137078.2000,0.304800,-0.755600,1,0
2021-03-17,sz.000032,22.3300,22.3300,21.8100,21.8300,22.3300,1412900,31054177.0000,0.343400,-2.239100,1,0
2021-03-18,sz.000032,21.9400,22.2500,21.5400,22.1800,21.8300,1599217,34974526.5200,0.388700,1.603300,1,0
2021-03-19,sz.000032,21.9400,22.5900,21.8000,22.2400,22.1800,1223437,27166969.7100,0.297400,0.270500,1,0
2021-03-22,sz.000032,22.2400,22.2400,21.7500,21.9100,22.2400,1381843,30328414.6800,0.335900,-1.483800,1,0
2021-03-23,sz.000032,21.9000,22.2700,21.6000,21.6400,21.9100,1571740,34373692.8000,0.382000,-1.232300,1,0
2021-03-24,sz.000032,21.6400,21.9600,21.4500,21.8000,21.6400,918993,19924109.8500,0.223400,0.739400,1,0
2021-03-25,sz.000032,21.7800,22.7600,21.6000,22.0800,21.8000,1660517,36983734.6400,0.403600,1.284400,1,0
2021-03-26,sz.000032,22.1200,22.6800,21.8300,22.2400,22.0800,1488507,33216764.9700,0.361800,0.724600,1,0
2021-03-29,sz.000032,22.2800,23.6400,22.0800,23.0100,22.2400,2803574,64405377.0000,0.681400,3.462200,1,0
2021-03-30,sz.000032,23.0000,23.3300,22.8000,23.0800,23.0100,1505338,34709768.2000,0.365900,0.304200,1,0
2021-03-31,sz.000032,23.0700,23.4600,22.7000,22.7500,23.0800,1575784,36095827.0900,0.383000,-1.429800,1,0
2021-04-01,sz.000032,22.7600,23.0000,22.5200,22.6600,22.7500,989080,22466731.7700,0.240400,-0.395600,1,0
2021-04-02,sz.000032,22.8200,23.5800,22.5200,22.6200,22.6600,2528907,58213940.8300,0.614700,-0.176500,1,0
2021-04-06,sz.000032,22.6200,22.6900,21.6600,21.6800,22.6200,2695428,59138918.6000,0.655100,-4.155600,1,0
2021-04-07,sz.000032,21.6800,21.7200,21.0000,21.0300,21.6800,2412942,50972176.5400,0.586500,-2.998200,1,0
2021-04-08,sz.000032,21.1200,21.3800,20.8800,21.1500,21.0300,1357441,28753108.5100,0.329900,0.570600,1,0
2021-04-09,sz.000032,20.9800,21.1700,20.8500,20.9600,21.1500,945067,19821158.5600,0.229700,-0.898300,1,0
2021-04-12,sz.000032,20.9400,21.0800,20.6800,20.7200,20.9600,774248,16139976.7600,0.188200,-1.145000,1,0
2021-04-13,sz.000032,20.6500,21.2300,20.6500,20.9500,20.7200,859546,18071730.6200,0.208900,1.110000,1,0
2021-04-14,sz.000032,20.9400,21.2300,20.7500,20.9300,20.9500,620377,13008851.1500,0.150800,-0.095500,1,0
2021-04-15,sz.000032,20.9500,21.1700,20.8000,20.8800,20.9300,618234,12923816.5200,0.150300,-0.238900,1,0
2021-04-16,sz.000032,20.8800,21.0900,20.8000,20.9800,20.8800,533572,11169528.8400,0.129700,0.478900,1,0
2021-04-19,sz.000032,20.9700,21.4800,20.8900,21.0200,20.9800,1269140,26770618.4000,0.308500,0.190700,1,0
2021-04-20,sz.000032,21.0200,21.1000,20.8200,20.9200,21.0200,687060,14388346.8000,0.167000,-0.475700,1,0
2021-04-21,sz.000032,20.8400,20.9900,20.8100,20.9400,20.9200,454900,9513962.0000,0.110600,0.095600,1,0
2021-04-22,sz.000032,20.9000,21.0400,20.8200,20.9200,20.9400,667600,13951595.0000,0.162300,-0.095500,1,0
2021-04-23,sz.000032,20.9500,21.0500,20.2100,20.3600,20.9200,1314698,27025912.1400,0.319500,-2.676900,1,0
2021-04-26,sz.000032,20.3700,20.5000,19.9000,19.9900,20.3600,1628630,32702199.7900,0.395900,-1.817300,1,0
2021-04-27,sz.000032,20.0000,20.3700,19.5400,19.5900,19.9900,1409180,28004829.6000,0.342500,-2.001000,1,0
2021-04-28,sz.000032,19.5900,19.6900,19.0600,19.2000,19.5900,1377500,26568793.5600,0.334800,-1.990800,1,0
2021-04-29,sz.000032,19.1000,20.2800,19.0300,19.9400,19.2000,2111236,41356188.3000,0.513200,3.854200,1,0
2021-04-30,sz.000032,19.6000,20.1000,19.4500,19.6600,19.9400,914559,17987989.6000,0.222300,-1.404200,1,0
2021-05-06,sz.000032,19.6600,19.9000,19.3400,19.4000,19.6600,695634,13564140.8200,0.169100,-1.322500,1,0
2021-05-07,sz.000032,19.4500,19.5200,19.1300,19.1800,19.4000,746815,14370088.1500,0.181500,-1.134000,1,0
2021-05-10,sz.000032,19.1800,19.5000,19.0300,19.1400,19.1800,832482,15982128.5500,0.202300,-0.208600,1,0
2021-05-11,sz.000032,19.1300,19.3300,18.7500,19.2000,19.1400,1194936,22789609.9800,0.290400,0.313500,1,0
2021-05-12,sz.000032,19.3000,19.4800,19.0000,19.4400,19.2000,657338,12654991.5600,0.159800,1.250000,1,0
2021-05-13,sz.000032,19.4400,21.3800,19.2700,21.3800,19.4400,4966046,104742923.0200,1.207000,9.979400,1,0
2021-05-14,sz.000032,21.4800,21.7300,20.4000,20.7000,21.3800,5026230,105316105.3700,1.221700,-3.180500,1,0
2021-05-17,sz.000032,20.7900,20.8100,20.0800,20.3100,20.7000,2125698,43301332.7300,0.516700,-1.884100,1,0
2021-05-18,sz.000032,20.1000,20.3900,20.0500,20.2600,20.3100,1150988,23257944.1600,0.279800,-0.246200,1,0
2021-05-19,sz.000032,20.2500,20.2500,19.5900,19.9800,20.2600,1750008,34813078.9500,0.425400,-1.382000,1,0
2021-05-20,sz.000032,19.9500,20.3200,19.7100,20.0400,19.9800,882700,17740249.0000,0.214500,0.300300,1,0
2021-05-21,sz.000032,20.0400,20.6000,20.0000,20.1400,20.0400,1224223,24857872.2500,0.297600,0.499000,1,0
2021-05-24,sz.000032,20.0500,20.3200,19.7500,19.8600,20.1400,1044204,20879973.3400,0.253800,-1.390300,1,0
2021-05-25,sz.000032,20.0000,20.3000,19.6800,20.1500,19.8600,1303337,26058695.8200,0.316800,1.460200,1,0
2021-05-26,sz.000032,20.2900,20.4400,20.1400,20.3000,20.1500,808680,16385210.1400,0.196600,0.744400,1,0
2021-05-27,sz.000032,20.3000,20.5000,20.0900,20.1000,20.3000,1052758,21337425.7000,0.255900,-0.985200,1,0
2021-05-28,sz.000032,20.1000,20.6300,19.9100,20.1300,20.1000,1209668,24500674.6400,0.294000,0.149300,1,0
2021-05-31,sz.000032,20.0900,20.3600,19.7700,19.9200,20.1300,1317964,26304725.5200,0.320300,-1.043200,1,0
2021-06-01,sz.000032,20.4200,20.4700,20.0100,20.3400,19.9200,1427350,28877166.2000,0.346900,2.108400,1,0
2021-06-02,sz.000032,20.3600,20.4600,19.9600,20.0100,20.3400,1096411,22051597.5400,0.266500,-1.622400,1,0
2021-06-03,sz.000032,19.9100,20.2500,19.9100,19.9500,20.0100,736947,14759740.7000,0.179100,-0.299900,1,0
2021-06-04,sz.000032,19.9500,20.0900,19.8000,19.8300,19.9500,891801,17767228.5900,0.216800,-0.601500,1,0
2021-06-07,sz.000032,19.8300,20.0300,19.6700,19.7700,19.8300,1263567,25066917.8400,0.307100,-0.302600,1,0
2021-06-08,sz.000032,19.8100,20.9800,19.7500,20.2500,19.7700,2633853,53637178.0200,0.640200,2.427900,1,0
2021-06-09,sz.000032,20.0600,20.2600,19.9000,19.9200,20.2500,1058937,21167815.5400,0.257400,-1.629600,1,0
2021-06-10,sz.000032,19.9200,20.0900,19.8200,20.0000,19.9200,1001153,19963565.1600,0.243300,0.401600,1,0
2021-06-11,sz.000032,20.1900,20.3700,19.7300,20.1500,20.0000,1806500,36255301.4400,0.439100,0.750000,1,0
2021-06-15,sz.000032,20.0400,20.5500,19.7200,20.5000,20.1500,2080194,41887559.9100,0.505600,1.737000,1,0
2021-06-16,sz.000032,20.4900,20.8000,20.1400,20.3400,20.5000,1534627,31487287.8400,0.373000,-0.780500,1,0
2021-06-17,sz.000032,20.3000,20.4700,20.1000,20.2800,20.3400,892196,18068384.3000,0.216900,-0.295000,1,0
2021-06-18,sz.000032,20.2000,20.4300,20.0800,20.1000,20.2800,1074118,21657897.3500,0.261100,-0.887600,1,0
2021-06-21,sz.000032,20.0800,20.1000,19.7900,19.7900,20.1000,1529141,30438646.6900,0.371700,-1.542300,1,0
2021-06-22,sz.000032,19.7900,19.9900,19.7400,19.8400,19.7900,1246964,24737868.5000,0.303100,0.252700,1,0
2021-06-23,sz.000032,19.7300,19.9400,19.7000,19.8900,19.8400,1214710,24047936.8000,0.295200,0.252000,1,0
2021-06-24,sz.000032,19.9000,19.9000,19.1600,19.1900,19.8900,1505592,29276361.1000,0.365900,-3.519400,1,0
2021-06-25,sz.000032,19.4600,19.4600,18.7000,19.1000,19.1900,1737547,32992212.4500,0.422300,-0.469000,1,0
2021-06-28,sz.000032,19.0900,19.3700,18.9600,19.0400,19.1000,798608,15231378.0500,0.194100,-0.314100,1,0
2021-06-29,sz.000032,19.1300,19.1300,18.8400,18.8800,19.0400,755125,14313984.0000,0.183500,-0.840300,1,0
2021-06-30,sz.000032,18.8000,19.1000,18.8000,19.0300,18.8800,611204,11582807.1000,0.148600,0.794500,1,0
2021-07-01,sz.000032,19.1100,19.2400,18.8100,18.9500,19.0300,934910,17793447.6800,0.227200,-0.420400,1,0
2021-07-02,sz.000032,18.9500,18.9800,18.3400,18.4300,18.9500,1492996,27695868.0400,0.362900,-2.744100,1,0
2021-07-05,sz.000032,18.4500,18.9000,18.3000,18.5800,18.4300,1494017,27688495.0600,0.363100,0.813900,1,0
2021-07-06,sz.000032,18.5800,18.8000,18.4000,18.5000,18.5800,712112,13192968.4000,0.173100,-0.430600,1,0
2021-07-07,sz.000032,18.4900,18.5500,18.3400,18.3800,18.5000,786100,14484528.2900,0.191100,-0.648600,1,0
2021-07-08,sz.000032,18.3300,18.6000,18.0500,18.1900,18.3800,1290034,23551807.7800,0.313600,-1.033700,1,0
2021-07-09,sz.000032,18.1900,19.5000,18.1500,19.2900,18.1900,2959146,55735667.1600,0.719200,6.047300,1,0
2021-07-12,sz.000032,19.1800,19.3800,18.9100,18.9500,19.2900,1663167,31633484.2600,0.404200,-1.762600,1,0
2021-07-13,sz.000032,18.9500,19.0200,18.7000,18.7700,18.9500,1348045,25415434.8600,0.327700,-0.949900,1,0
2021-07-14,sz.000032,18.6600,18.8800,18.3600,18.3700,18.7700,1104420,20445397.5900,0.268400,-2.131100,1,0
2021-07-15,sz.000032,18.3700,18.6300,18.2000,18.3700,18.3700,897561,16446803.1000,0.218200,0.000000,1,0
2021-07-16,sz.000032,18.4900,18.5000,18.2600,18.2900,18.3700,682784,12536118.1200,0.166000,-0.435500,1,0
2021-07-19,sz.000032,18.5300,18.5300,18.2400,18.3300,18.2900,657340,12056515.4000,0.159800,0.218700,1,0
2021-07-20,sz.000032,18.1700,18.3600,18.1400,18.2400,18.3300,633489,11524723.5800,0.154000,-0.491000,1,0
2021-07-21,sz.000032,18.2600,18.4400,18.0500,18.1700,18.2400,994732,18063201.3300,0.241800,-0.383800,1,0
2021-07-22,sz.000032,18.1700,18.3400,18.0200,18.2400,18.1700,751104,13663571.4800,0.182600,0.385300,1,0
2021-07-23,sz.000032,18.2300,18.3900,16.4200,17.7500,18.2400,2585855,45798812.9000,0.628500,-2.686400,1,0
2021-07-26,sz.000032,17.7500,17.8000,16.9500,17.2300,17.7500,1554251,26739086.1500,0.377800,-2.929600,1,0
2021-07-27,sz.000032,17.3000,17.7500,17.0100,17.1700,17.2300,1148535,20009887.6500,0.279200,-0.348200,1,0
2021-07-28,sz.000032,17.1800,17.2800,16.4200,16.5300,17.1700,1720674,28576906.9600,0.418200,-3.727400,1,0
2021-07-29,sz.000032,16.6900,17.1700,16.5100,16.8600,16.5300,1301835,21932001.0400,0.316400,1.996400,1,0
2021-07-30,sz.000032,16.7500,17.7500,16.5500,17.4200,16.8600,1593014,27567032.6200,0.387200,3.321500,1,0
2021-08-02,sz.000032,17.2000,17.9300,17.1200,17.8100,17.4200,1560177,27379786.4700,0.379200,2.238800,1,0
2021-08-03,sz.000032,17.8100,18.5000,17.7000,17.8700,17.8100,1610063,29169449.5200,0.391300,0.336900,1,0
2021-08-04,sz.000032,17.8700,18.1000,17.6200,17.8600,17.8700,771220,13751908.0800,0.187500,-0.056000,1,0
2021-08-05,sz.000032,17.7700,18.0300,17.6300,17.6400,17.8600,705340,12525148.6100,0.171400,-1.231800,1,0
2021-08-06,sz.000032,17.6300,17.7300,17.2200,17.5200,17.6400,1030761,17921420.7100,0.250500,-0.680300,1,0
2021-08-09,sz.000032,17.5000,17.7600,17.4100,17.4400,17.5200,870981,15236353.2400,0.211700,-0.456600,1,0
2021-08-10,sz.000032,17.3300,17.6800,17.3000,17.4200,17.4400,1095990,19100019.9600,0.266400,-0.114700,1,0
2021-08-11,sz.000032,17.4200,17.6000,17.2900,17.4200,17.4200,1001969,17443254.3600,0.243500,0.000000,1,0
2021-08-12,sz.000032,17.0400,17.5900,17.0400,17.3200,17.4200,1117020,19444303.4000,0.271500,-0.574100,1,0
2021-08-13,sz.000032,17.3200,17.3600,17.0500,17.3300,17.3200,1275358,21941574.4500,0.310000,0.057700,1,0
2021-08-16,sz.000032,17.3300,17.4600,17.1000,17.2000,17.3300,1069432,18411863.7800,0.259900,-0.750100,1,0
2021-08-17,sz.000032,17.2000,17.2000,16.5200,16.5900,17.2000,1692638,28527814.4200,0.411400,-3.546500,1,0
2021-08-18,sz.000032,16.9800,17.0500,16.5800,16.8500,16.5900,753989,12609802.0800,0.183300,1.567200,1,0
2021-08-19,sz.000032,16.8000,16.9700,16.6500,16.6800,16.8500,808908,13555608.7200,0.196600,-1.008900,1,0
2021-08-20,sz.000032,16.8000,16.8000,16.3800,16.4800,16.6800,1194175,19698618.1200,0.290300,-1.199000,1,0
2021-08-23,sz.000032,16.4800,17.3000,16.1100,17.0400,16.4800,2030786,34509435.7000,0.493600,3.398100,1,0
2021-08-24,sz.000032,17.1000,17.2200,16.8900,17.1400,17.0400,1035879,17668446.4100,0.251800,0.586900,1,0
2021-08-25,sz.000032,17.1500,17.3000,17.0400,17.2600,17.1400,1029225,17667816.1000,0.250200,0.700100,1,0
2021-08-26,sz.000032,17.3600,17.8100,17.0700,17.5500,17.2600,2103602,36680647.5800,0.511300,1.680200,1,0
2021-08-27,sz.000032,17.5600,19.3100,17.4300,19.3100,17.5500,5527872,102908215.9700,1.343600,10.028500,1,0
2021-08-30,sz.000032,20.0100,20.6300,19.2500,20.3000,19.3100,9406138,187793089.7400,2.286200,5.126900,1,0
2021-08-31,sz.000032,19.8900,20.1500,18.8200,19.1000,20.3000,5754136,111224299.5300,1.398600,-5.911300,1,0
2021-09-01,sz.000032,18.9900,19.0000,18.2500,18.6500,19.1000,2925120,54311597.7300,0.711000,-2.356000,1,0
2021-09-02,sz.000032,18.6600,19.0000,18.3000,18.7400,18.6500,2273101,42439398.6100,0.552500,0.482600,1,0
2021-09-03,sz.000032,18.7400,19.3800,18.6000,18.8100,18.7400,2366016,45004754.2800,0.575100,0.373500,1,0
2021-09-06,sz.000032,18.9300,18.9300,18.0400,18.6000,18.8100,2230813,40862101.3300,0.542200,-1.116400,1,0
2021-09-07,sz.000032,18.5000,18.5900,18.2000,18.4800,18.6000,1575094,28939495.6300,0.382800,-0.645200,1,0
2021-09-08,sz.000032,18.4800,18.6500,18.3600,18.3900,18.4800,1585210,29264868.9100,0.385300,-0.487000,1,0
2021-09-09,sz.000032,18.3000,19.1600,18.2800,18.5300,18.3900,2093724,39095770.6300,0.508900,0.761300,1,0
2021-09-10,sz.000032,18.3100,18.7600,18.3100,18.4300,18.5300,1423206,26327005.5800,0.345900,-0.539700,1,0
2021-09-13,sz.000032,18.4800,18.8000,18.2000,18.7000,18.4300,1957826,36307252.0200,0.475900,1.465000,1,0
2021-09-14,sz.000032,18.7100,19.6800,18.5000,18.9600,18.7000,3332106,64005540.0600,0.809900,1.390400,1,0
2021-09-15,sz.000032,18.7000,19.3500,18.4500,18.8700,18.9600,1616697,30569356.9600,0.393000,-0.474700,1,0
2021-09-16,sz.000032,18.8700,19.1400,18.7200,18.7700,18.8700,1627940,30755385.4000,0.395700,-0.529900,1,0
2021-09-17,sz.000032,18.9900,18.9900,18.2500,18.5800,18.7700,1525060,28113192.6000,0.370700,-1.012300,1,0
2021-09-22,sz.000032,18.5000,18.5000,17.9500,18.0100,18.5800,1806995,32706095.0100,0.439200,-3.067800,1,0
2021-09-23,sz.000032,18.0000,18.5000,17.9200,18.4600,18.0100,1555466,28382161.3200,0.378100,2.498600,1,0
2021-09-24,sz.000032,18.4600,18.4600,17.9000,18.2000,18.4600,1402902,25354400.3800,0.341000,-1.408500,1,0
2021-09-27,sz.000032,17.9500,18.6000,17.9500,18.2000,18.2000,1324600,24246200.0000,0.322000,0.000000,1,0
2021-09-28,sz.000032,18.0600,18.3700,18.0600,18.2500,18.2000,616820,11233193.3200,0.149900,0.274700,1,0
2021-09-29,sz.000032,18.2200,18.3100,17.9100,17.9100,18.2500,732980,13207455.0000,0.178200,-1.863000,1,0
2021-09-30,sz.000032,17.9100,18.1800,17.9000,18.1800,17.9100,730726,13162523.7600,0.177600,1.507500,1,0
2021-10-08,sz.000032,18.2300,19.1000,18.1000,18.9700,18.1800,2058444,38421871.8800,0.500300,4.345400,1,0
2021-10-11,sz.000032,18.9800,19.2800,18.5400,18.6000,18.9700,1083647,20454855.0000,0.263400,-1.950400,1,0
2021-10-12,sz.000032,18.5100,18.6900,18.1100,18.1200,18.6000,887060,16246390.3500,0.215600,-2.580600,1,0
2021-10-13,sz.000032,18.1900,18.3100,18.0100,18.2100,18.1200,612147,11111510.5200,0.148800,0.496700,1,0
2021-10-14,sz.000032,18.2100,18.3700,17.5800,17.8700,18.2100,1437239,25680200.8000,0.349300,-1.867100,1,0
2021-10-15,sz.000032,17.5000,17.7500,17.3000,17.5600,17.8700,962190,16884826.6000,0.233900,-1.734800,1,0
2021-10-18,sz.000032,17.2600,18.1300,17.0300,17.8100,17.5600,1175403,20740316.1700,0.285700,1.423700,1,0
2021-10-19,sz.000032,18.0800,18.0800,17.5000,17.6700,17.8100,517273,9126940.4900,0.125700,-0.786100,1,0
2021-10-20,sz.000032,17.6700,17.8600,17.5200,17.6700,17.6700,472105,8328699.5400,0.114700,0.000000,1,0
2021-10-21,sz.000032,17.6700,17.8200,17.5100,17.5200,17.6700,491025,8673366.0000,0.119300,-0.848900,1,0
2021-10-22,sz.000032,17.4500,17.7700,17.3400,17.4500,17.5200,580001,10120607.4400,0.141000,-0.399500,1,0
2021-10-25,sz.000032,17.4200,17.7300,17.2500,17.3700,17.4500,858821,15019073.2000,0.208700,-0.458500,1,0
2021-10-26,sz.000032,17.3700,17.5300,16.9500,16.9900,17.3700,1090522,18625685.1000,0.265100,-2.187700,1,0
2021-10-27,sz.000032,17.0400,17.0400,16.6000,16.7900,16.9900,973783,16330067.0000,0.236700,-1.177200,1,0
2021-10-28,sz.000032,16.7900,17.0000,16.5200,16.8000,16.7900,719823,12066084.9600,0.175000,0.059600,1,0
2021-10-29,sz.000032,16.8500,17.2900,16.7000,17.2000,16.8000,741210,12656984.4000,0.180200,2.381000,1,0
2021-11-01,sz.000032,17.0700,17.3500,17.0000,17.0000,17.2000,859231,14663375.8000,0.208800,-1.162800,1,0
2021-11-02,sz.000032,17.3700,17.3800,16.7000,16.8500,17.0000,785601,13322106.9000,0.190900,-0.882400,1,0
2021-11-03,sz.000032,16.9800,17.1700,16.8600,17.0100,16.8500,471521,8034957.9700,0.114600,0.949600,1,0
2021-11-04,sz.000032,17.0000,17.3000,17.0000,17.1500,17.0100,571220,9766501.4000,0.138800,0.823000,1,0
2021-11-05,sz.000032,17.3400,17.7300,16.0100,17.6400,17.1500,1460793,25556590.8700,0.355100,2.857100,1,0
2021-11-08,sz.000032,17.8500,18.0800,17.4000,17.9300,17.6400,1489233,26332100.2200,0.362000,1.644000,1,0
2021-11-09,sz.000032,17.9300,18.4300,17.6200,17.9600,17.9300,1267401,22850533.2100,0.308100,0.167300,1,0
2021-11-10,sz.000032,17.9300,17.9800,17.6500,17.8800,17.9600,898700,15994611.7400,0.218400,-0.445400,1,0
2021-11-11,sz.000032,17.8600,18.1000,17.6800,17.9400,17.8800,679801,12165368.8400,0.165200,0.335600,1,0
2021-11-12,sz.000032,17.9400,18.1000,17.8000,18.0800,17.9400,1006631,18134928.8200,0.244700,0.780400,1,0
2021-11-15,sz.000032,18.0800,18.4500,18.0000,18.0800,18.0800,1326143,24188210.8200,0.322300,0.000000,1,0
2021-11-16,sz.000032,18.1500,18.3800,17.6700,17.6700,18.0800,1123722,20204170.3000,0.273100,-2.267700,1,0
2021-11-17,sz.000032,17.7200,18.5500,17.7200,18.2200,17.6700,1624431,29625864.7400,0.394800,3.112600,1,0
2021-11-18,sz.000032,18.2300,18.4400,18.1000,18.2700,18.2200,872928,15942097.0000,0.212200,0.274400,1,0
2021-11-19,sz.000032,18.4500,18.4800,17.9500,18.0700,18.2700,971006,17657918.7700,0.236000,-1.094700,1,0
2021-11-22,sz.000032,18.0000,18.2000,17.7000,17.9200,18.0700,1248161,22285836.8100,0.303400,-0.830100,1,0
2021-11-23,sz.000032,17.9600,18.0800,17.7300,17.7700,17.9200,1023757,18248591.5700,0.248800,-0.837100,1,0
2021-11-24,sz.000032,17.3100,17.9600,17.2000,17.3400,17.7700,2146321,37462089.8800,0.521700,-2.419800,1,0
2021-11-25,sz.000032,17.1500,17.3300,17.0200,17.1100,17.3400,1110956,19049645.4400,0.270000,-1.326400,1,0
2021-11-26,sz.000032,17.3000,17.4000,16.9000,17.3100,17.1100,1658900,28449656.0000,0.403200,1.168900,1,0
2021-11-29,sz.000032,17.9100,19.0400,17.8200,19.0400,17.3100,8373471,156382964.9400,2.035200,9.994200,1,0
2021-11-30,sz.000032,19.1200,19.5000,18.4900,18.5600,19.0400,6898470,130398077.2400,1.676700,-2.521000,1,0
2021-12-01,sz.000032,18.7900,20.4200,18.1700,20.4200,18.5600,10054489,197156550.1400,2.443800,10.021600,1,0
2021-12-02,sz.000032,20.5000,20.9900,19.5800,19.9800,20.4200,9911269,201211122.0500,2.409000,-2.154800,1,0
2021-12-03,sz.000032,20.2600,20.2600,19.0500,19.1000,19.9800,5263718,102405876.4400,1.279400,-4.404400,1,0
2021-12-06,sz.000032,19.1400,19.4500,18.6500,19.1800,19.1000,4475548,85204385.0400,1.087800,0.418800,1,0
2021-12-07,sz.000032,19.1800,20.1000,18.8200,19.6800,19.1800,4261440,83645666.2300,1.035800,2.606900,1,0
2021-12-08,sz.000032,19.6500,20.1000,19.2200,19.6100,19.6800,2860109,56276437.3700,0.695200,-0.355700,1,0
2021-12-09,sz.000032,19.5500,19.8200,19.2600,19.2700,19.6100,2789452,54219341.4400,0.678000,-1.733800,1,0
2021-12-10,sz.000032,19.3000,19.3000,18.8000,19.1500,19.2700,2896846,54788593.4000,0.704100,-0.622700,1,0
2021-12-13,sz.000032,18.9900,19.2500,18.7700,19.0000,19.1500,3205014,60804002.3600,0.779000,-0.783300,1,0
2021-12-14,sz.000032,19.1500,19.9800,18.8500,19.7400,19.0000,4123903,80467177.8500,1.002300,3.894700,1,0
2021-12-15,sz.000032,19.9000,20.0100,19.5000,19.5900,19.7400,2802263,55336450.4000,0.681100,-0.759900,1,0
2021-12-16,sz.000032,19.5900,19.7900,19.2200,19.4200,19.5900,1716089,33287144.8700,0.417100,-0.867800,1,0
2021-12-17,sz.000032,19.6200,19.6400,19.0800,19.1500,19.4200,1345871,25847798.7000,0.327100,-1.390300,1,0
2021-12-20,sz.000032,19.0300,19.6500,18.8000,19.0500,19.1500,1888535,36420088.6000,0.459000,-0.522200,1,0
2021-12-21,sz.000032,19.0000,19.4000,18.8500,19.3800,19.0500,1841431,35270684.0700,0.447600,1.732300,1,0
2021-12-22,sz.000032,19.2900,20.0000,19.1800,19.7800,19.3800,2503720,49195235.6000,0.608500,2.064000,1,0
2021-12-23,sz.000032,20.0000,21.7400,20.0000,20.3300,19.7800,7186023,149712650.0000,1.746600,2.780600,1,0
2021-12-24,sz.000032,20.6700,22.3600,20.3400,22.3600,20.3300,21816271,482445969.3900,5.302600,9.985200,1,0
2021-12-27,sz.000032,21.5600,22.3500,20.9100,21.0000,22.3600,14735393,317661518.5400,3.581600,-6.082300,1,0
2021-12-28,sz.000032,21.3000,21.6000,20.6700,20.8400,21.0000,6043307,127397581.5400,1.468900,-0.761900,1,0
2021-12-29,sz.000032,20.6600,20.7100,20.0400,20.1700,20.8400,6086706,123450646.1000,1.479400,-3.215000,1,0
2021-12-30,sz.000032,20.0200,20.5500,19.9500,20.1600,20.1700,4538423,91734355.9200,1.103100,-0.049600,1,0
2021-12-31,sz.000032,20.0900,21.0000,20.0900,20.7400,20.1600,4516222,93105548.0900,1.097700,2.877000,1,0
2022-01-04,sz.000032,20.7500,20.9600,20.0000,20.8000,20.7400,3564718,73710795.9400,0.866400,0.289300,1,0
2022-01-05,sz.000032,20.6900,21.7700,20.5000,20.7500,20.8000,4576865,96281475.0400,1.112400,-0.240400,1,0
2022-01-06,sz.000032,20.7500,21.6800,20.6000,21.4100,20.7500,5207200,110964166.6400,1.265700,3.180700,1,0
2022-01-07,sz.000032,21.4400,23.5100,21.4400,22.6400,21.4100,14542842,329066217.5200,3.534800,5.745000,1,0
2022-01-10,sz.000032,23.0000,24.9000,23.0000,24.9000,22.6400,23770054,586296481.1000,5.777500,9.982300,1,0
2022-01-11,sz.000032,25.0000,25.7100,23.6000,23.8100,24.9000,25129890,618840155.3000,6.108000,-4.377500,1,0
2022-01-12,sz.000032,23.4000,24.3200,23.0200,23.2400,23.8100,10226599,239381587.7600,2.485700,-2.394000,1,0
2022-01-13,sz.000032,23.3300,23.8700,23.0100,23.1000,23.2400,6299825,146913108.6300,1.531200,-0.602400,1,0
2022-01-14,sz.000032,23.0800,23.8800,22.9500,23.5500,23.1000,5782238,135830061.4600,1.405400,1.948100,1,0
2022-01-17,sz.000032,24.1900,25.2000,23.3300,24.7000,23.5500,12208853,299424299.3900,2.967500,4.883200,1,0
2022-01-18,sz.000032,24.7900,27.1000,24.2000,25.1800,24.7000,16170212,416734532.6200,3.930300,1.943300,1,0
2022-01-19,sz.000032,24.7900,25.5500,24.3500,24.5000,25.1800,8299584,205825899.2800,2.017300,-2.700600,1,0
2022-01-20,sz.000032,24.4500,24.7000,23.2600,23.3700,24.5000,8528440,202799783.0000,2.072900,-4.612200,1,0
2022-01-21,sz.000032,23.2600,24.0900,23.1300,23.5900,23.3700,6207853,146412255.6000,1.508900,0.941400,1,0
2022-01-24,sz.000032,23.2300,23.8800,23.0100,23.3700,23.5900,5493580,128873013.4000,1.335300,-0.932600,1,0
2022-01-25,sz.000032,23.3700,23.9800,22.2200,22.3200,23.3700,6274825,143772122.8900,1.525100,-4.492900,1,0
2022-01-26,sz.000032,22.3200,22.7900,21.8000,22.3200,22.3200,7082700,156771606.4000,1.721500,0.000000,1,0
2022-01-27,sz.000032,22.0300,22.3600,20.4300,20.5200,22.3200,8585460,179910777.0000,2.086800,-8.064500,1,0
2022-01-28,sz.000032,20.8100,22.2700,20.7500,21.5000,20.5200,8736337,187186665.2100,2.123400,4.775800,1,0
2022-02-07,sz.000032,22.0400,22.4400,21.0000,21.2700,21.5000,5178540,111085977.4400,1.258700,-1.069800,1,0
2022-02-08,sz.000032,21.3900,21.9900,20.9500,21.5700,21.2700,4487979,96423451.2200,1.090800,1.410400,1,0
2022-02-09,sz.000032,21.5500,22.9800,21.3500,22.8900,21.5700,6579784,146766045.9900,1.599300,6.119600,1,0
2022-02-10,sz.000032,22.8900,22.8900,21.8000,22.0200,22.8900,5332184,118365216.6200,1.296000,-3.800800,1,0
2022-02-11,sz.000032,22.3800,22.3800,21.6600,21.9000,22.0200,4447128,97949028.9100,1.080900,-0.545000,1,0
2022-02-14,sz.000032,21.5000,21.9200,20.9000,21.7300,21.9000,6288514,134056003.4500,1.528500,-0.776300,1,0
2022-02-15,sz.000032,21.8800,22.5500,21.5500,22.3100,21.7300,4216540,93726530.6800,1.024900,2.669100,1,0
2022-02-16,sz.000032,22.4900,22.6600,22.0500,22.2800,22.3100,2612820,58390404.8000,0.635100,-0.134500,1,0
2022-02-17,sz.000032,22.1000,22.5500,21.7000,22.4200,22.2800,4110481,91225153.9500,0.999100,0.628400,1,0
2022-02-18,sz.000032,22.2800,23.4800,22.2200,23.1300,22.4200,5078735,117377685.5400,1.234400,3.166800,1,0
2022-02-21,sz.000032,23.1800,24.3200,23.1500,23.8200,23.1300,6382251,151547297.2600,1.551300,2.983100,1,0
2022-02-22,sz.000032,23.4000,23.7000,22.4100,22.7600,23.8200,5812567,133529044.5600,1.412800,-4.450000,1,0
2022-02-23,sz.000032,22.8900,23.1500,22.3900,22.6100,22.7600,4292200,97212874.0000,1.043300,-0.659100,1,0
2022-02-24,sz.000032,22.8800,22.9800,21.3300,21.9300,22.6100,5864041,129776983.7600,1.425300,-3.007500,1,0
2022-02-25,sz.000032,22.0100,23.1000,22.0100,22.7100,21.9300,4826885,109424048.9100,1.173200,3.556800,1,0
2022-02-28,sz.000032,22.9700,23.0000,21.8600,22.0900,22.7100,3776733,83585094.0000,0.918000,-2.730100,1,0
2022-03-01,sz.000032,22.2100,22.5800,22.0200,22.4200,22.0900,2831101,63421232.0000,0.688100,1.493900,1,0
2022-03-02,sz.000032,22.3100,23.2500,22.2000,23.0500,22.4200,4067820,93217856.0000,0.988700,2.810000,1,0
2022-03-03,sz.000032,23.1000,23.3300,22.5000,22.5300,23.0500,2337899,53252568.0000,0.568200,-2.256000,1,0
2022-03-04,sz.000032,22.6800,22.6800,22.0500,22.1400,22.5300,1913520,42666071.0000,0.465100,-1.731000,1,0
2022-03-07,sz.000032,22.1400,22.3000,21.5000,21.5200,22.1400,2681841,58173244.0000,0.651800,-2.800400,1,0
2022-03-08,sz.000032,21.4000,21.7800,20.0000,20.3100,21.5200,4874184,101181491.0000,1.184700,-5.622700,1,0
2022-03-09,sz.000032,20.6000,20.8600,19.2200,20.1200,20.3100,4657700,93247599.0000,1.132100,-0.935500,1,0
2022-03-10,sz.000032,20.5300,20.6800,19.9700,20.0600,20.1200,3034940,61616014.0000,0.737700,-0.298200,1,0
2022-03-11,sz.000032,19.8500,20.3000,18.0500,20.2200,20.0600,3130373,61994136.0000,0.760900,0.797600,1,0
2022-03-14,sz.000032,19.9100,20.1300,19.2800,19.6500,20.2200,3191345,62754997.0000,0.775700,-2.819000,1,0
2022-03-15,sz.000032,19.5400,20.2000,18.9200,18.9200,19.6500,3756390,73547145.0000,0.913000,-3.715000,1,0
2022-03-16,sz.000032,19.4900,19.6400,18.3500,19.4800,18.9200,4957973,94234825.0000,1.205100,2.959800,1,0
2022-03-17,sz.000032,19.7000,20.3500,19.1700,19.8800,19.4800,3648451,72546509.0000,0.886800,2.053400,1,0
2022-03-18,sz.000032,19.8900,19.9300,19.3700,19.6400,19.8800,6281990,123061671.2400,1.526900,-1.207200,1,0
2022-03-21,sz.000032,19.6200,19.6200,18.8800,19.0500,19.6400,3444917,65921689.8300,0.837300,-3.004100,1,0
2022-03-22,sz.000032,19.1000,19.1400,18.6300,18.7700,19.0500,2275036,42854165.7200,0.553000,-1.469800,1,0
2022-03-23,sz.000032,18.9600,19.3500,18.8000,19.1400,18.7700,2580722,49267317.1800,0.627300,1.971200,1,0
2022-03-24,sz.000032,19.1300,19.1300,18.6400,18.7700,19.1400,2235702,42006517.2200,0.543400,-1.933100,1,0
2022-03-25,sz.000032,18.8100,18.9300,18.3600,18.4500,18.7700,1919824,35670885.4800,0.466600,-1.704800,1,0
2022-03-28,sz.000032,18.3500,18.6500,17.9300,18.1400,18.4500,2643001,48041579.1100,0.642400,-1.680200,1,0
2022-03-29,sz.000032,18.3900,18.4000,17.8800,17.9900,18.1400,1713020,30895263.4000,0.416400,-0.826900,1,0
2022-03-30,sz.000032,18.0500,18.3000,17.9000,18.2200,17.9900,1595640,28989933.0400,0.387800,1.278500,1,0
2022-03-31,sz.000032,18.3700,18.3700,18.0000,18.2200,18.2200,1833256,33330333.6400,0.445600,0.000000,1,0
2022-04-01,sz.000032,18.1500,18.2500,17.9000,18.1700,18.2200,1848773,33445409.3700,0.449400,-0.274400,1,0
2022-04-06,sz.000032,18.1700,18.2000,17.8600,17.9300,18.1700,1734121,31160913.6100,0.421500,-1.320900,1,0
2022-04-07,sz.000032,18.2600,18.8000,17.5900,17.6200,17.9300,4163216,75514326.9900,1.011900,-1.728900,1,0
2022-04-08,sz.000032,17.6300,17.8800,17.4500,17.8000,17.6200,2085301,36770124.4600,0.506800,1.021600,1,0
2022-04-11,sz.000032,17.7800,17.7800,16.6500,16.7500,17.8000,3475453,59115512.6900,0.844700,-5.898900,1,0
2022-04-12,sz.000032,16.8600,17.3000,16.7800,17.2700,16.7500,1968671,33507319.8400,0.478500,3.104500,1,0
2022-04-13,sz.000032,17.2800,17.2800,16.8500,17.0000,17.2700,1468471,24961283.4200,0.356900,-1.563400,1,0
2022-04-14,sz.000032,17.2000,17.2200,16.8100,16.9200,17.0000,1817500,30843539.0000,0.441800,-0.470600,1,0
2022-04-15,sz.000032,16.9100,17.1200,16.7000,16.8900,16.9200,1282724,21688900.7600,0.311800,-0.177300,1,0
2022-04-18,sz.000032,16.8900,16.9800,16.6300,16.9400,16.8900,1261940,21243170.6000,0.306700,0.296000,1,0
2022-04-19,sz.000032,16.9000,17.4500,16.6600,16.7500,16.9400,1548345,26119099.9900,0.376300,-1.121600,1,0
2022-04-20,sz.000032,17.0000,17.3600,16.3800,16.4600,16.7500,2402297,40299757.2300,0.583900,-1.731300,1,0
2022-04-21,sz.000032,16.4600,16.6300,15.7700,15.7700,16.4600,1882726,30451202.8100,0.457600,-4.192000,1,0
2022-04-22,sz.000032,15.5800,15.7200,14.7500,15.0500,15.7700,4926096,74267037.4200,1.198300,-4.565600,1,0
2022-04-25,sz.000032,15.0000,15.0000,13.7000,13.7000,15.0500,4018724,57219163.7600,0.977600,-8.970100,1,0
2022-04-26,sz.000032,13.4400,14.2000,13.0000,13.0000,13.7000,2741820,36853726.3500,0.667000,-5.109500,1,0
2022-04-27,sz.000032,12.7300,13.6700,12.7300,13.6500,13.0000,3766871,50050824.3100,0.916300,5.000000,1,0
2022-04-28,sz.000032,13.6800,13.6800,13.0200,13.1500,13.6500,2657823,35217619.6500,0.646500,-3.663000,1,0
2022-04-29,sz.000032,13.1600,13.6600,13.1500,13.5500,13.1500,3493824,47016409.8000,0.849900,3.041800,1,0
2022-05-05,sz.000032,13.6600,14.5000,13.3200,13.5900,13.5500,3168100,43428666.2800,0.770700,0.295200,1,0
2022-05-06,sz.000032,13.3500,14.5600,13.1000,13.7800,13.5900,5270998,72950813.2500,1.282200,1.398100,1,0
2022-05-09,sz.000032,13.4100,13.7100,13.1700,13.3400,13.7800,3382816,45403756.5800,0.822900,-3.193000,1,0
2022-05-10,sz.000032,13.2100,13.5200,12.9000,13.4200,13.3400,3489101,46281206.4700,0.848700,0.599700,1,0
2022-05-11,sz.000032,13.4600,14.2300,13.2800,13.6500,13.4200,3887623,53899261.1500,0.945700,1.713900,1,0
2022-05-12,sz.000032,13.6500,13.9500,13.4300,13.6600,13.6500,2860769,38972194.2800,0.695900,0.073300,1,0
2022-05-13,sz.000032,13.7800,13.8700,13.4000,13.6900,13.6600,1989100,27058300.0600,0.483900,0.219600,1,0
2022-05-16,sz.000032,13.7300,13.9300,13.5500,13.6200,13.6900,1973662,27049422.2200,0.480100,-0.511300,1,0
2022-05-17,sz.000032,13.6200,13.6800,13.2500,13.6400,13.6200,1843580,24873258.0000,0.448500,0.146800,1,0
2022-05-18,sz.000032,13.5800,14.1400,13.4700,13.8000,13.6400,7544619,104331952.6900,1.172600,1.173000,1,0
2022-05-19,sz.000032,13.7300,13.9200,13.4000,13.5800,13.8000,3671932,49910630.8300,0.570700,-1.594200,1,0
2022-05-20,sz.000032,13.6400,13.8500,13.4800,13.6500,13.5800,2799421,38106005.5700,0.435100,0.515500,1,0
2022-05-23,sz.000032,13.8000,14.1500,13.7000,13.9700,13.6500,4262409,59425337.4700,0.662500,2.344300,1,0
2022-05-24,sz.000032,14.0800,14.0900,13.0100,13.0400,13.9700,4900613,65946941.9300,0.761700,-6.657100,1,0
2022-05-25,sz.000032,13.1400,13.3400,13.0100,13.2600,13.0400,2944932,38939379.5600,0.457700,1.687100,1,0
2022-05-26,sz.000032,13.4800,13.4800,12.9800,13.3800,13.2600,3107800,41118471.0000,0.483000,0.905000,1,0
2022-05-27,sz.000032,13.5700,13.7500,13.2700,13.4200,13.3800,3113707,41894623.6900,0.483900,0.299000,1,0
2022-05-30,sz.000032,13.6900,14.7600,13.6900,14.7600,13.4200,4239647,61042671.2100,0.658900,9.985100,1,0
2022-05-31,sz.000032,15.4500,15.5000,14.5600,14.9400,14.7600,12908759,193528633.8300,2.006300,1.219500,1,0
2022-06-01,sz.000032,14.7300,14.8700,14.5200,14.7200,14.9400,6567500,96513171.0000,1.020700,-1.472600,1,0
2022-06-02,sz.000032,14.7200,15.0600,14.4400,14.9800,14.7200,5447193,80808923.4600,0.846600,1.766300,1,0
2022-06-06,sz.000032,14.9600,15.1800,14.7800,15.1800,14.9800,5525802,82936421.3900,0.858800,1.335100,1,0
2022-06-07,sz.000032,15.2500,16.1200,15.0500,15.9200,15.1800,7055380,110719254.0000,1.096500,4.874800,1,0
2022-06-08,sz.000032,15.7300,16.3500,15.3400,15.5500,15.8200,6322261,99377895.1000,0.982600,-1.706700,1,0
2022-06-09,sz.000032,15.3800,15.6900,15.0700,15.4100,15.5500,5606176,86037668.1200,0.871300,-0.900300,1,0
2022-06-10,sz.000032,15.3000,15.9600,15.1900,15.5600,15.4100,4934268,77168349.7700,0.766900,0.973400,1,0
2022-06-13,sz.000032,15.4000,15.9800,15.3800,15.7900,15.5600,3289050,51707996.7800,0.511200,1.478100,1,0
2022-06-14,sz.000032,15.7600,15.7600,15.0700,15.5500,15.7900,2893534,44439651.2200,0.449700,-1.519900,1,0
2022-06-15,sz.000032,15.8100,16.2200,15.5200,15.6000,15.5500,4987919,79013979.1500,0.775200,0.321500,1,0
2022-06-16,sz.000032,15.7100,15.9500,15.4900,15.5900,15.6000,2662709,41758713.6300,0.413800,-0.064100,1,0
2022-06-17,sz.000032,15.4000,15.5900,15.2200,15.4800,15.5900,2717000,41983520.0000,0.422300,-0.705600,1,0
2022-06-20,sz.000032,15.6800,15.8000,15.3000,15.4500,15.4800,3104570,48007210.6400,0.482500,-0.193800,1,0
2022-06-21,sz.000032,15.6700,15.6800,15.1900,15.3700,15.4500,3026463,46619618.9900,0.470400,-0.517800,1,0
2022-06-22,sz.000032,15.3500,15.4600,14.9100,14.9600,15.3700,2553901,38589891.1600,0.396900,-2.667500,1,0
2022-06-23,sz.000032,15.0000,15.6800,15.0000,15.2300,14.9600,3082204,47059064.4200,0.479000,1.804800,1,0
2022-06-24,sz.000032,15.8100,16.3000,15.2200,15.4500,15.2300,6220074,97155604.4900,0.966700,1.444500,1,0
2022-06-27,sz.000032,15.3000,15.4300,15.1000,15.3200,15.4500,3490212,53266091.9400,0.542400,-0.841400,1,0
2022-06-28,sz.000032,15.2800,15.4600,15.0300,15.4000,15.3200,2810288,42837814.9400,0.436800,0.522200,1,0
2022-06-29,sz.000032,15.3600,15.5500,15.0600,15.3000,15.4000,3019905,46225123.7500,0.469400,-0.649400,1,0
2022-06-30,sz.000032,15.1700,15.1900,14.9500,14.9800,15.3000,2678873,40335065.3000,0.416400,-2.091500,1,0
2022-07-01,sz.000032,15.1000,15.2500,14.9000,15.0300,14.9800,2426120,36547632.6400,0.377100,0.333800,1,0
2022-07-04,sz.000032,15.0300,15.0500,14.6400,15.0300,15.0300,1965880,29204199.8000,0.305500,0.000000,1,0
2022-07-05,sz.000032,15.2000,15.2000,14.6300,14.9000,15.0300,2326523,34532127.6100,0.361600,-0.864900,1,0
2022-07-06,sz.000032,14.9000,15.0800,14.6500,14.7000,14.9000,2119503,31330656.3800,0.329400,-1.342300,1,0
2022-07-07,sz.000032,14.7600,15.3600,14.5000,15.1400,14.7000,3891214,58278285.6400,0.604800,2.993200,1,0
2022-07-08,sz.000032,15.3500,15.3700,15.0300,15.1800,15.1400,2402401,36552571.3000,0.373400,0.264200,1,0
2022-07-11,sz.000032,15.1000,15.1500,14.6700,14.7700,15.1800,1594741,23663146.5300,0.247900,-2.700900,1,0
2022-07-12,sz.000032,14.6600,15.0500,14.4200,14.6200,14.7700,2038692,29909537.5800,0.316900,-1.015600,1,0
2022-07-13,sz.000032,14.5000,14.5900,14.2700,14.4100,14.6200,2338300,33590495.0000,0.363400,-1.436400,1,0
2022-07-14,sz.000032,14.3400,15.1900,14.1800,14.9100,14.4100,3680683,54918538.6800,0.572100,3.469800,1,0
2022-07-15,sz.000032,14.7500,14.7600,14.2600,14.3900,14.9100,2738100,39592181.6000,0.425600,-3.487600,1,0
2022-07-18,sz.000032,14.4000,14.8500,14.3100,14.8000,14.3900,2284196,33498709.7600,0.355000,2.849200,1,0
2022-07-19,sz.000032,14.9000,15.2000,14.7100,15.2000,14.8000,2648699,39989766.9500,0.411700,2.702700,1,0
2022-07-20,sz.000032,15.3500,15.3500,15.0700,15.1700,15.2000,1538084,23367728.6000,0.239000,-0.197400,1,0
2022-07-21,sz.000032,15.1500,15.3000,15.0000,15.0200,15.1700,1613526,24441699.5200,0.250800,-0.988800,1,0
2022-07-22,sz.000032,15.1700,15.2700,14.6500,14.8000,15.0200,1986900,29602417.0000,0.308800,-1.464700,1,0
2022-07-25,sz.000032,15.0300,15.2700,14.6100,14.7100,14.8000,2249000,33490911.0000,0.349500,-0.608100,1,0
2022-07-26,sz.000032,14.9000,14.9600,14.5700,14.8600,14.7100,1610544,23758261.8000,0.250300,1.019700,1,0
2022-07-27,sz.000032,14.8500,15.0500,14.7200,15.0000,14.8600,1773375,26407559.9900,0.275600,0.942100,1,0
2022-07-28,sz.000032,15.1300,15.3900,15.0300,15.3100,15.0000,3006211,45959671.7000,0.467200,2.066700,1,0
2022-07-29,sz.000032,15.3100,15.4000,14.9000,14.9000,15.3100,1938902,29192012.7000,0.301300,-2.678000,1,0
2022-08-01,sz.000032,14.9000,15.0200,14.7600,14.8400,14.9000,1601800,23770681.0000,0.249000,-0.402700,1,0
2022-08-02,sz.000032,14.7600,14.8100,13.9600,14.1900,14.8400,3102839,44243132.5700,0.482200,-4.380100,1,0
2022-08-03,sz.000032,14.0600,14.6400,14.0600,14.3900,14.1900,2430912,35144510.2600,0.377800,1.409400,1,0
2022-08-04,sz.000032,14.3500,14.5000,14.0000,14.1600,14.3900,2711050,38479269.7900,0.421400,-1.598300,1,0
2022-08-05,sz.000032,14.2500,15.5800,14.1700,15.5800,14.1600,8477000,129153410.1000,1.317500,10.028200,1,0
2022-08-08,sz.000032,16.0000,16.3000,15.5000,15.8700,15.5800,13134653,209209061.4000,2.041400,1.861400,1,0
2022-08-09,sz.000032,15.9800,16.2200,15.6700,16.1600,15.8700,7972602,127509821.1300,1.239100,1.827300,1,0
2022-08-10,sz.000032,16.1400,16.2200,15.9400,16.0900,16.1600,4473171,72064815.2300,0.695200,-0.433200,1,0
2022-08-11,sz.000032,16.2000,16.6800,16.0600,16.1800,16.0900,6084467,99305723.7500,0.945600,0.559400,1,0
2022-08-12,sz.000032,16.1700,16.3200,15.8000,15.9500,16.1800,4755300,76020917.0000,0.737500,-1.421500,1,0
2022-08-15,sz.000032,15.9400,15.9600,15.6000,15.7200,15.9500,3622320,57064732.4000,0.561800,-1.442000,1,0
2022-08-16,sz.000032,15.7900,15.8800,15.4800,15.5500,15.7200,2635720,41057643.6000,0.408800,-1.081400,1,0
2022-08-17,sz.000032,15.6000,15.6500,15.3200,15.5100,15.5500,2829600,43804908.0000,0.438900,-0.257200,1,0
2022-08-18,sz.000032,15.3000,15.7000,15.2700,15.5800,15.5100,3007605,46483654.5500,0.466500,0.451300,1,0
2022-08-19,sz.000032,15.5800,15.9400,15.2800,15.3700,15.5800,3319300,51571023.1300,0.514800,-1.347900,1,0
2022-08-22,sz.000032,15.3800,15.5300,15.1600,15.4000,15.3700,2238420,34427760.0000,0.347200,0.195200,1,0
2022-08-23,sz.000032,15.4000,16.2000,15.2300,15.7900,15.4000,6082106,95652136.3200,0.943300,2.532500,1,0
2022-08-24,sz.000032,15.8300,16.0700,15.1700,15.2400,15.7900,5111000,79657506.7600,0.792700,-3.483200,1,0
2022-08-25,sz.000032,15.2100,15.3800,14.4700,14.7000,15.2400,4070360,60095284.1100,0.631300,-3.543300,1,0
2022-08-26,sz.000032,14.6700,14.7300,14.2400,14.4700,14.7000,3856133,55668415.1600,0.598100,-1.564600,1,0
2022-08-29,sz.000032,14.7500,14.7500,13.8000,13.9600,14.4700,3963862,55425476.7400,0.614800,-3.524500,1,0
2022-08-30,sz.000032,13.9600,15.3600,13.9600,14.5800,13.9600,12837147,190397556.7400,1.991000,4.441300,1,0
2022-08-31,sz.000032,14.0000,14.2000,13.7200,13.8500,14.5800,7543560,105399863.8700,1.170000,-5.006900,1,0
2022-09-01,sz.000032,13.8600,14.1700,13.4500,13.4800,13.8500,3716152,51027727.6500,0.576400,-2.671500,1,0
2022-09-02,sz.000032,13.4000,13.6800,13.3000,13.5500,13.4800,3063549,41310225.2500,0.475100,0.519300,1,0
2022-09-05,sz.000032,13.5500,13.6000,13.3000,13.3800,13.5500,2136465,28636022.3000,0.331400,-1.254600,1,0
2022-09-06,sz.000032,13.4500,13.6800,13.2300,13.6200,13.3800,2318251,31351345.7000,0.359600,1.793700,1,0
2022-09-07,sz.000032,13.6200,13.7000,13.4000,13.6500,13.6200,1771308,24064673.0000,0.274700,0.220300,1,0
2022-09-08,sz.000032,13.7600,13.9200,13.4000,13.4800,13.6500,2582400,35107031.5900,0.400500,-1.245400,1,0
2022-09-09,sz.000032,13.4800,13.5900,13.3300,13.5200,13.4800,1210010,16273082.6200,0.187700,0.296700,1,0
2022-09-13,sz.000032,13.7200,14.6500,13.6600,14.2100,13.5200,5837657,82884960.4600,0.905400,5.103600,1,0
2022-09-14,sz.000032,14.1700,14.1700,13.8400,13.8600,14.2100,2926520,40819757.2400,0.453900,-2.463100,1,0
2022-09-15,sz.000032,13.9300,13.9800,13.4000,13.6500,13.8600,1959848,26836811.6300,0.304000,-1.515200,1,0
2022-09-16,sz.000032,13.5900,14.0000,13.5000,13.6000,13.6500,2974673,41033647.5300,0.461400,-0.366300,1,0
2022-09-19,sz.000032,13.6200,13.7700,12.8000,12.8900,13.6000,4167934,54572036.6600,0.646400,-5.220600,1,0
2022-09-20,sz.000032,12.8900,13.3300,12.8600,13.2200,12.8900,2202037,28973935.6800,0.341500,2.560100,1,0
2022-09-21,sz.000032,13.3700,13.3700,12.9000,13.1500,13.2200,1301692,17051861.8500,0.201900,-0.529500,1,0
2022-09-22,sz.000032,13.2800,13.3200,12.9200,13.1600,13.1500,1486135,19616853.8600,0.230500,0.076000,1,0
2022-09-23,sz.000032,13.1800,13.2400,12.8400,12.9300,13.1600,1689657,21967899.5800,0.262100,-1.747700,1,0
2022-09-26,sz.000032,12.8800,13.0100,12.5300,12.5500,12.9300,1714743,21771452.0900,0.265900,-2.938900,1,0
2022-09-27,sz.000032,12.6400,12.7700,12.5600,12.6500,12.5500,1410218,17829727.3900,0.218700,0.796800,1,0
2022-09-28,sz.000032,12.6900,12.6900,12.3500,12.4000,12.6500,1287680,16092088.5000,0.199700,-1.976300,1,0
2022-09-29,sz.000032,12.4400,12.6500,12.1800,12.2300,12.4000,1049458,13043909.4600,0.162800,-1.371000,1,0
2022-09-30,sz.000032,12.2300,12.3200,12.0400,12.1300,12.2300,946557,11529279.7400,0.146800,-0.817700,1,0
2022-10-10,sz.000032,12.1400,12.3700,11.9800,12.1300,12.1300,1218357,14742401.8300,0.189000,0.000000,1,0
2022-10-11,sz.000032,12.1000,12.2500,12.0600,12.0800,12.1300,1080592,13111030.4400,0.167600,-0.412200,1,0
2022-10-12,sz.000032,12.1300,12.6300,11.9800,12.5900,12.0800,1752594,21600423.2300,0.271800,4.221900,1,0
2022-10-13,sz.000032,12.5900,13.8500,12.5900,13.8500,12.5900,4911732,67324914.2000,0.761800,10.007900,1,0
2022-10-14,sz.000032,14.3100,14.7900,13.6000,14.6000,13.8500,11808520,167219442.3400,1.831400,5.415200,1,0
2022-10-17,sz.000032,14.2300,14.6700,14.0100,14.4000,14.6000,6195156,88644750.8100,0.960800,-1.369900,1,0
2022-10-18,sz.000032,14.5000,14.9700,14.4000,14.4700,14.4000,5819397,85245384.2600,0.902600,0.486100,1,0
2022-10-19,sz.000032,14.5500,15.1600,14.2100,14.8300,14.4700,6612773,97306652.4700,1.025600,2.487900,1,0
2022-10-20,sz.000032,14.5100,15.4800,14.4500,14.7400,14.8300,5046623,75226819.9800,0.782700,-0.606900,1,0
2022-10-21,sz.000032,14.7700,14.8300,14.3500,14.4400,14.7400,5075545,73854466.9400,0.787200,-2.035300,1,0
2022-10-24,sz.000032,14.5300,14.7100,14.0000,14.1900,14.4400,5280289,75688390.0300,0.818900,-1.731300,1,0
2022-10-25,sz.000032,13.9100,15.5000,13.7700,15.1600,14.1900,12619268,185794170.5500,1.957200,6.835800,1,0
2022-10-26,sz.000032,15.1300,16.6800,14.9000,16.6800,15.1600,20792190,337926362.7500,3.224800,10.026400,1,0
2022-10-27,sz.000032,16.9600,18.3500,16.8300,18.3500,16.6800,14385254,261205332.7600,2.231100,10.012000,1,0
2022-10-28,sz.000032,18.9500,20.1900,18.4100,19.3000,18.3500,51504291,996366735.5200,7.988100,5.177100,1,0
2022-10-31,sz.000032,20.2000,21.2300,20.2000,21.2300,19.3000,22204902,467678546.5500,3.443900,10.000000,1,0
2022-11-01,sz.000032,23.3500,23.3500,22.2800,23.3500,21.2300,79684203,1851316953.5600,12.358700,9.985900,1,0
2022-11-02,sz.000032,23.5200,24.0500,22.5300,23.8000,23.3500,79876433,1868724943.0600,12.388500,1.927200,1,0
2022-11-03,sz.000032,22.8800,23.8900,21.4800,23.0600,23.8000,72505480,1659225350.6500,11.245300,-3.109200,1,0
2022-11-04,sz.000032,23.4900,24.3000,21.6100,23.3500,23.0600,95956371,2231592721.5500,14.882400,1.257600,1,0
2022-11-07,sz.000032,23.3900,24.0600,21.5800,22.3500,23.3500,75366695,1697600421.0300,11.689000,-4.282700,1,0
2022-11-08,sz.000032,22.4100,22.7400,20.5500,21.3300,22.3500,78740344,1712411420.1000,12.212300,-4.563800,1,0
2022-11-09,sz.000032,21.0000,22.2900,20.6000,21.0000,21.3300,77763209,1670554338.3400,12.060700,-1.547100,1,0
2022-11-10,sz.000032,21.7100,22.1700,19.5300,20.1000,21.0000,88555257,1872844372.7800,13.734500,-4.285700,1,0
2022-11-11,sz.000032,20.2000,20.8700,19.0900,20.4000,20.1000,78880899,1587279118.0900,12.234100,1.492500,1,0
2022-11-14,sz.000032,19.9700,22.4400,19.4000,21.8300,20.4000,105056453,2234397282.7800,16.293800,7.009800,1,0
2022-11-15,sz.000032,21.4500,24.0000,21.1800,22.4500,21.8300,109761513,2451478782.0200,17.023500,2.840100,1,0
2022-11-16,sz.000032,22.9000,24.7000,22.8800,24.7000,22.4500,67066359,1634534471.9800,10.401700,10.022300,1,0
2022-11-17,sz.000032,25.6000,27.1700,24.2500,27.1700,24.7000,129595176,3336392517.0100,20.099600,10.000000,1,0
2022-11-18,sz.000032,27.1700,28.4900,24.5300,25.7100,27.1700,136345216,3643580408.3900,21.146500,-5.373600,1,0
2022-11-21,sz.000032,26.1500,26.4900,23.8800,24.6000,25.7100,105162066,2637134230.4200,16.310200,-4.317400,1,0
2022-11-22,sz.000032,24.2500,25.8700,23.8600,25.0600,24.6000,88407455,2198566499.7700,13.711600,1.869900,1,0
2022-11-23,sz.000032,24.5600,26.5000,24.1600,26.1000,25.0600,96765554,2480491920.2000,15.007900,4.150000,1,0
2022-11-24,sz.000032,25.3200,26.4700,24.7700,26.1500,26.1000,74251916,1907779279.1900,11.516100,0.191600,1,0
2022-11-25,sz.000032,26.0900,26.8300,24.8100,24.8600,26.1500,65551528,1687739580.9700,10.166800,-4.933100,1,0
2022-11-28,sz.000032,23.8500,27.2000,23.5900,26.5000,24.8600,95278533,2462439545.1500,14.777300,6.596900,1,0
2022-11-29,sz.000032,25.8900,27.5900,25.2200,27.0000,26.5000,84943097,2259594347.8100,13.174300,1.886800,1,0
2022-11-30,sz.000032,26.7900,26.8900,25.1000,25.8700,27.0000,61978469,1601186081.3100,9.612600,-4.185200,1,0
2022-12-01,sz.000032,25.6100,27.5000,25.4000,26.5000,25.8700,81256566,2164883521.9800,12.602500,2.435300,1,0
2022-12-02,sz.000032,26.5100,29.0000,26.4000,26.7100,26.5000,84745228,2328022945.9300,13.143600,0.792500,1,0
2022-12-05,sz.000032,27.0300,27.5500,26.0400,27.1500,26.7100,57531563,1550211185.3100,8.922900,1.647300,1,0
2022-12-06,sz.000032,26.9000,27.3000,24.8800,25.1400,27.1500,72284760,1857740373.9400,11.211000,-7.403300,1,0
2022-12-07,sz.000032,25.1500,25.6500,24.1100,25.2600,25.1400,58194350,1451422080.4500,9.025700,0.477300,1,0
2022-12-08,sz.000032,25.1000,25.3500,23.6800,24.3500,25.2600,53300214,1306133510.5300,8.266600,-3.602500,1,0
2022-12-09,sz.000032,24.4000,24.9500,23.9300,24.3300,24.3500,37510913,917693038.1200,5.817800,-0.082100,1,0
2022-12-12,sz.000032,24.6600,25.2400,24.4400,24.9300,24.3300,44672587,1113438040.2300,6.928500,2.466100,1,0
2022-12-13,sz.000032,24.8000,25.1800,23.4900,23.8000,24.9300,48071858,1164718384.8300,7.455700,-4.532700,1,0
2022-12-14,sz.000032,23.5000,24.0900,23.2300,23.7000,23.8000,31445156,743429129.4700,4.877000,-0.420200,1,0
2022-12-15,sz.000032,23.7000,26.0700,23.6000,25.1900,23.7000,74646976,1890055738.0500,11.577400,6.286900,1,0
2022-12-16,sz.000032,24.8000,25.6800,24.6500,25.1900,25.1900,46226563,1167994606.7600,7.169500,0.000000,1,0
2022-12-19,sz.000032,25.3000,25.6500,24.2500,25.1700,25.1900,44081647,1100619312.5700,6.836900,-0.079400,1,0
2022-12-20,sz.000032,26.2100,26.2100,22.6500,22.6500,25.1700,47558773,1115723111.3200,7.376200,-10.011900,1,0
2022-12-21,sz.000032,21.5000,22.2800,20.8700,21.0400,22.6500,58290265,1251141368.4100,9.040600,-7.108200,1,0
2022-12-22,sz.000032,21.3900,21.4400,20.4900,20.5000,21.0400,37702676,787271762.4100,5.847500,-2.566500,1,0
2022-12-23,sz.000032,20.6000,21.3600,20.2000,20.6500,20.5000,32252686,672136085.4400,5.002200,0.731700,1,0
2022-12-26,sz.000032,20.6600,21.6400,20.3700,21.5600,20.6500,40324148,848368453.0400,6.254100,4.406800,1,0
2022-12-27,sz.000032,21.4500,21.5800,20.4000,20.9500,21.5600,34562065,726344053.4500,5.360400,-2.829300,1,0
2022-12-28,sz.000032,20.9100,21.6000,19.9200,20.0000,20.9500,41600780,854097896.2100,6.452100,-4.534600,1,0
2022-12-29,sz.000032,20.1100,20.7800,19.9300,20.1500,20.0000,36614108,744923322.2600,5.678700,0.750000,1,0
2022-12-30,sz.000032,20.0000,20.6600,19.6300,20.1500,20.1500,29631869,597587818.2900,4.595800,0.000000,1,0
2023-01-03,sz.000032,20.5500,22.1700,20.1700,22.1700,20.1500,39967552,850323135.9000,6.198800,10.024800,1,0
2023-01-04,sz.000032,23.4500,24.3900,23.3000,24.3900,22.1700,53162864,1281719117.9300,8.245300,10.013500,1,0
2023-01-05,sz.000032,24.7000,24.9000,23.3100,24.0500,24.3900,84255543,2027484306.5100,13.067700,-1.394000,1,0
2023-01-06,sz.000032,24.0600,24.8500,23.6900,24.5100,24.0500,64971407,1579797595.5000,10.076800,1.912700,1,0
2023-01-09,sz.000032,24.4900,24.9500,24.1000,24.4100,24.5100,46195062,1131257209.9500,7.164600,-0.408000,1,0
2023-01-10,sz.000032,24.1800,24.5700,23.6800,23.9600,24.4100,36752879,885065509.8000,5.700200,-1.843500,1,0
2023-01-11,sz.000032,23.7100,24.7900,23.4000,23.5700,23.9600,44679578,1075165786.2100,6.929600,-1.627700,1,0
2023-01-12,sz.000032,23.4100,24.2500,23.1900,23.4200,23.5700,42151452,995667140.0200,6.537500,-0.636400,1,0
2023-01-13,sz.000032,23.3800,23.5100,22.2000,22.4600,23.4200,40988725,932283293.6100,6.357200,-4.099100,1,0
2023-01-16,sz.000032,23.0000,23.9000,22.6800,23.2400,22.4600,35133064,821982257.5500,5.449000,3.472800,1,0
2023-01-17,sz.000032,23.4000,23.7600,22.9000,23.2300,23.2400,26227243,611432778.0900,4.067700,-0.043000,1,0
2023-01-18,sz.000032,23.2000,24.8800,22.9400,24.2000,23.2300,47857240,1158389923.6400,7.422400,4.175600,1,0
2023-01-19,sz.000032,24.2000,26.3600,24.0800,25.3400,24.2000,59689409,1512820163.8100,9.257600,4.710700,1,0
2023-01-20,sz.000032,25.4500,27.8700,25.2800,27.0300,25.3400,83405031,2256780065.0000,12.935700,6.669300,1,0
2023-01-30,sz.000032,27.1000,28.4900,26.3000,27.9600,27.0300,65509399,1804258729.4400,10.160200,3.440600,1,0
2023-01-31,sz.000032,27.6500,28.0600,26.7700,27.0000,27.9600,35936423,979165280.1700,5.573600,-3.433500,1,0
2023-02-01,sz.000032,26.9100,28.0000,26.6800,27.8800,27.0000,40377580,1102427199.1000,6.262400,3.259300,1,0
2023-02-02,sz.000032,27.5100,29.6000,27.4400,27.9800,27.8800,44777469,1272290151.1000,6.944800,0.358700,1,0
2023-02-03,sz.000032,27.7000,30.0000,27.5300,29.0600,27.9800,59573504,1710955095.0400,9.239600,3.859900,1,0
2023-02-06,sz.000032,29.2000,29.9800,27.9000,28.7700,29.0600,43344260,1255069961.0000,6.722500,-0.997900,1,0
2023-02-07,sz.000032,28.6300,28.6600,27.1200,27.4900,28.7700,36210584,1003359625.8200,5.616100,-4.449100,1,0
2023-02-08,sz.000032,27.3600,27.7900,26.3900,27.3400,27.4900,27063364,730378463.0100,4.197400,-0.545700,1,0
2023-02-09,sz.000032,27.0100,27.7900,26.7300,27.5300,27.3400,26184397,715611453.7900,4.061100,0.695000,1,0
2023-02-10,sz.000032,27.4700,28.2700,26.6200,27.3000,27.5300,34241345,936949986.5500,5.310700,-0.835500,1,0
2023-02-13,sz.000032,27.3900,28.1800,27.0000,27.3900,27.3000,28434022,783290676.4300,4.410000,0.329700,1,0
